{
    "total_runtime": 32.072741746902466,
    "num_documents": 2,
    "input_load_time": 0,
    "workflows": {
        "create_base_text_units": {
            "overall": 0.3074007034301758,
            "0_orderby": 0.0,
            "1_zip": 0.0,
            "2_aggregate_override": 0.018953561782836914,
            "3_chunk": 0.22222042083740234,
            "4_select": 0.005680561065673828,
            "5_unroll": 0.008918046951293945,
            "6_rename": 0.00490117073059082,
            "7_genid": 0.007796287536621094,
            "8_unzip": 0.006273984909057617,
            "9_copy": 0.008218050003051758,
            "10_filter": 0.023088693618774414
        },
        "create_base_extracted_entities": {
            "overall": 1.056462049484253,
            "0_entity_extract": 0.9714205265045166,
            "1_merge_graphs": 0.07811379432678223
        },
        "create_summarized_entities": {
            "overall": 1.4609148502349854,
            "0_summarize_descriptions": 1.4541184902191162
        },
        "create_base_entity_graph": {
            "overall": 0.2392876148223877,
            "0_cluster_graph": 0.20805096626281738,
            "1_select": 0.02379131317138672
        },
        "create_final_entities": {
            "overall": 1.4512615203857422,
            "0_unpack_graph": 0.062409162521362305,
            "1_rename": 0.01100778579711914,
            "2_select": 0.007524967193603516,
            "3_dedupe": 0.010622978210449219,
            "4_rename": 0.010034322738647461,
            "5_filter": 0.02788400650024414,
            "6_text_split": 0.016628265380859375,
            "7_drop": 0.01175236701965332,
            "8_merge": 0.06770086288452148,
            "9_text_embed": 1.1659674644470215,
            "10_drop": 0.0,
            "11_filter": 0.0458674430847168
        },
        "create_final_nodes": {
            "overall": 0.5089371204376221,
            "0_layout_graph": 0.187546968460083,
            "1_unpack_graph": 0.06963300704956055,
            "2_unpack_graph": 0.0559086799621582,
            "3_filter": 0.03658914566040039,
            "4_drop": 0.021236181259155273,
            "5_select": 0.02723097801208496,
            "6_rename": 0.015518903732299805,
            "7_convert": 0.05081319808959961,
            "8_join": 0.022757291793823242,
            "9_rename": 0.015542984008789062
        },
        "create_final_communities": {
            "overall": 0.6339960098266602,
            "0_unpack_graph": 0.06184124946594238,
            "1_unpack_graph": 0.0575106143951416,
            "2_aggregate_override": 0.019216299057006836,
            "3_join": 0.03600049018859863,
            "4_join": 0.025941133499145508,
            "5_concat": 0.020926237106323242,
            "6_filter": 0.1417405605316162,
            "7_aggregate_override": 0.02232646942138672,
            "8_join": 0.03466153144836426,
            "9_filter": 0.038194894790649414,
            "10_fill": 0.024837493896484375,
            "11_merge": 0.08027791976928711,
            "12_copy": 0.03196597099304199,
            "13_select": 0.026316404342651367
        },
        "join_text_units_to_entity_ids": {
            "overall": 0.11667871475219727,
            "0_select": 0.02211761474609375,
            "1_unroll": 0.031772613525390625,
            "2_aggregate_override": 0.03925490379333496
        },
        "create_final_relationships": {
            "overall": 0.4106881618499756,
            "0_unpack_graph": 0.09797167778015137,
            "1_filter": 0.06734585762023926,
            "2_rename": 0.05649590492248535,
            "3_filter": 0.06006121635437012,
            "4_drop": 0.022735595703125,
            "5_compute_edge_combined_degree": 0.02617335319519043,
            "6_convert": 0.03807830810546875,
            "7_convert": 0.02569127082824707
        },
        "join_text_units_to_relationship_ids": {
            "overall": 0.11524128913879395,
            "0_select": 0.02320122718811035,
            "1_unroll": 0.0232694149017334,
            "2_aggregate_override": 0.02729654312133789,
            "3_select": 0.0218050479888916
        },
        "create_final_community_reports": {
            "overall": 21.62272357940674,
            "0_prepare_community_reports_nodes": 0.0312654972076416,
            "1_prepare_community_reports_edges": 0.03718233108520508,
            "2_restore_community_hierarchy": 0.029926538467407227,
            "3_prepare_community_reports": 0.24702978134155273,
            "4_create_community_reports": 21.240558385849,
            "5_window": 0.02672553062438965
        },
        "create_final_text_units": {
            "overall": 0.23596429824829102,
            "0_select": 0.03786802291870117,
            "1_rename": 0.0263211727142334,
            "2_join": 0.0675039291381836,
            "3_join": 0.032259464263916016,
            "4_aggregate_override": 0.02838587760925293,
            "5_select": 0.026169776916503906
        },
        "create_base_documents": {
            "overall": 0.35503530502319336,
            "0_unroll": 0.02783989906311035,
            "1_select": 0.03371739387512207,
            "2_rename": 0.03127884864807129,
            "3_join": 0.034873247146606445,
            "4_aggregate_override": 0.0385587215423584,
            "5_join": 0.03806638717651367,
            "6_rename": 0.027684926986694336,
            "7_convert": 0.09686279296875
        },
        "create_final_documents": {
            "overall": 0.07047533988952637,
            "0_rename": 0.03719282150268555
        }
    }
}