,source,target,weight,description,text_unit_ids,id,human_readable_id,source_degree,target_degree,rank
0,FIRESTOPPING SYSTEMS,JOINTS AND PENETRATIONS,1.0,Firestopping systems are used to stop the spread of fire and smoke through joints and penetrations,['f0cc80dc4f85bb437cf8cfca2c91f0ff'],f09f381c319f4251847d1a4bb8cdcac1,0,22,1,23
1,FIRESTOPPING SYSTEMS,FIRE-RESISTANCE-RATED FLOOR AND CEILING/ROOF CONSTRUCTION,1.0,Firestopping systems are required for penetrations through fire-resistance-rated floor and ceiling/roof construction,['f0cc80dc4f85bb437cf8cfca2c91f0ff'],eec11f567e7f4943b157c3a657eb9a46,1,22,1,23
2,FIRESTOPPING SYSTEMS,FIRE-RESISTANCE-RATED WALLS AND PARTITIONS,1.0,Firestopping systems are required for penetrations through fire-resistance-rated walls and partitions,['f0cc80dc4f85bb437cf8cfca2c91f0ff'],efef117839b64ce9adf614a461d41ba6,2,22,1,23
3,FIRESTOPPING SYSTEMS,MEMBRANE PENETRATIONS,1.0,Firestopping systems are required for membrane penetrations in fire-resistance-rated walls and partitions,['f0cc80dc4f85bb437cf8cfca2c91f0ff'],2171091ada0942d8ae7944df11659f6e,3,22,1,23
4,FIRESTOPPING SYSTEMS,SEALANT JOINTS,1.0,Firestopping systems are required for sealant joints in fire-resistance-rated construction,['f0cc80dc4f85bb437cf8cfca2c91f0ff'],bcfdc48e5f044e1d84c5d217c1992d4b,4,22,1,23
5,FIRESTOPPING SYSTEMS,"PENETRATIONS FOR DUCT, CABLE, CABLE TRAY, CONDUIT, PIPING, ELECTRICAL BUSWAYS, AND RACEWAYS",1.0,Firestopping systems are required for penetrations for various utilities through fire-rated barriers,['f0cc80dc4f85bb437cf8cfca2c91f0ff'],b232fb0f2ac14790b931d1e7fcddd8ad,5,22,1,23
6,FIRESTOPPING SYSTEMS,SAFING SLOT GAPS,1.0,Firestopping systems are required for safing slot gaps between the edge of floor slabs and curtain walls,['f0cc80dc4f85bb437cf8cfca2c91f0ff'],1c16b22e18d3483b8d41b284754274e2,6,22,1,23
7,FIRESTOPPING SYSTEMS,OPENINGS BETWEEN STRUCTURALLY SEPARATE SECTIONS,1.0,Firestopping systems are required for openings between structurally separate sections of walls or floors,['f0cc80dc4f85bb437cf8cfca2c91f0ff'],0080f96708cd4054a5f0986ca86889f4,7,22,1,23
8,FIRESTOPPING SYSTEMS,GAPS BETWEEN THE TOP OF WALLS AND CEILINGS OR ROOF ASSEMBLIES,1.0,Firestopping systems are required for gaps between the top of walls and ceilings or roof assemblies,['f0cc80dc4f85bb437cf8cfca2c91f0ff'],e683130322ac47708a852a5e51abb7c5,8,22,1,23
9,FIRESTOPPING SYSTEMS,OPENINGS AND PENETRATIONS IN WALLS CONTAINING FIRE DOORS,1.0,Firestopping systems are required for openings and penetrations in walls containing fire doors,['f0cc80dc4f85bb437cf8cfca2c91f0ff'],71a0a8c1beb64da08124205e9a803d98,9,22,1,23
10,FIRESTOPPING SYSTEMS,ASTM,1.0,"ASTM provides standards for fire tests of building construction and materials, which are relevant to firestopping systems",['f0cc80dc4f85bb437cf8cfca2c91f0ff'],f84314943bee4c859c9a62f268c9c216,10,22,5,27
11,FIRESTOPPING SYSTEMS,UL,1.0,"UL provides standards for fire resistance of building joint systems, which are relevant to firestopping systems",['f0cc80dc4f85bb437cf8cfca2c91f0ff'],ba481175ee1d4329bf07757a30abd3a1,11,22,2,24
12,FIRESTOPPING SYSTEMS,PREINSTALLATION MEETINGS,1.0,Preinstallation meetings are required to coordinate the installation of firestopping systems,['f0cc80dc4f85bb437cf8cfca2c91f0ff'],8d8da35190bf43c5878fa38f3eb4f3d2,12,22,2,24
13,FIRESTOPPING SYSTEMS,SEQUENCING AND SCHEDULING,1.0,Sequencing and scheduling are required to ensure proper installation of firestopping systems,['f0cc80dc4f85bb437cf8cfca2c91f0ff'],2fb7e14a3f124526bd7b24867fc18e81,13,22,2,24
14,FIRESTOPPING SYSTEMS,PRODUCT DATA,1.0,Product data is required for construction submittals related to firestopping systems,['f0cc80dc4f85bb437cf8cfca2c91f0ff'],5c13c7d61e6c4bfe839f21e7ad3530a7,14,22,2,24
15,FIRESTOPPING SYSTEMS,AUTHORITY HAVING JURISDICTION (AHJ),1.0,Firestopping systems must be approved by the Authority Having Jurisdiction,['e29a53d7440d299cd3f2e2e60653a57b'],a621663edba64d99b7e50f1e53f32ee7,15,22,2,24
16,FIRESTOPPING SYSTEMS,F-RATED THROUGH-PENETRATION FIRESTOP SYSTEMS,1.0,F-Rated Through-Penetration Firestop Systems are a type of firestopping system,['e29a53d7440d299cd3f2e2e60653a57b'],42be4e140061482ea509dd3e26189480,16,22,1,23
17,FIRESTOPPING SYSTEMS,T-RATED THROUGH-PENETRATION FIRESTOP SYSTEMS,1.0,T-Rated Through-Penetration Firestop Systems are a type of firestopping system,['e29a53d7440d299cd3f2e2e60653a57b'],4da4ef951ff340f1a3dd679de4be3341,17,22,2,24
18,FIRESTOPPING SYSTEMS,FIRE-RESISTIVE JOINT SEALANTS,1.0,Fire-Resistive Joint Sealants are used in firestopping systems,['e29a53d7440d299cd3f2e2e60653a57b'],2f05fcce857e4a499ca4e89a3cefbcb3,18,22,2,24
19,FIRESTOPPING SYSTEMS,ASBESTOS-FREE MATERIALS,1.0,Firestopping systems must use asbestos-free materials,['e29a53d7440d299cd3f2e2e60653a57b'],b3aeb7ae009a4f52ae3ae4586e32fe11,19,22,1,23
20,FIRESTOPPING SYSTEMS,HAZARDOUS DISPOSAL,1.0,Hazardous disposal procedures must be followed for firestopping materials,['e29a53d7440d299cd3f2e2e60653a57b'],089b9b9841714b8da043777e2cda3767,20,22,1,23
21,FIRESTOPPING SYSTEMS,"PRIMERS, SLEEVES, FORMS, INSULATION, PACKING, STUFFING, AND ACCESSORIES",1.0,These components are required for the tested firestopping assembly,['e29a53d7440d299cd3f2e2e60653a57b'],38f1e44579d0437dac1203c34678d3c3,21,22,1,23
22,ASTM,ASTM E119,1.0,ASTM E119 is a standard developed by ASTM,['10aa665cd16c9fc726970ed4037079b7'],1ca24718a96b47f3a8855550506c4b41,22,5,1,6
23,ASTM,ASTM E814,1.0,ASTM E814 is a standard developed by ASTM,['10aa665cd16c9fc726970ed4037079b7'],9c980dfe3cab44b7a83408405edab0b6,23,5,1,6
24,ASTM,ASTM E1966,1.0,ASTM E1966 is a standard developed by ASTM,['10aa665cd16c9fc726970ed4037079b7'],f23484b1b45d44c3b7847e1906dddd37,24,5,1,6
25,ASTM,GYPSUM BOARD ASSEMBLIES,1.0,"ASTM provides standards for various materials and methods used in gypsum board assemblies, including steel sheets, gypsum boards, and sound insulation",['f67963b3ad0f43578479c9a6b013d745'],929f30875e1744b49e7b416eaf5a790c,25,5,21,26
26,UL,UL 2079,1.0,UL 2079 is a standard developed by UL,['10aa665cd16c9fc726970ed4037079b7'],4920fda031804ce8a1073ace8e061ed6,26,2,1,3
27,PREINSTALLATION MEETINGS,SEQUENCING AND SCHEDULING,1.0,Preinstallation meetings include discussions on sequencing and scheduling,['10aa665cd16c9fc726970ed4037079b7'],4b8aa4587c7344adac2cbfa69d5e40fa,27,2,2,4
28,PRODUCT DATA,CONSTRUCTION SUBMITTALS,1.0,Product data is a type of construction submittal required,['39bfaf6f9c5b3484e8c782d171697ab3'],52701d941dfb45359693baae8f267056,28,2,5,7
29,ASTM C645,NON-STRUCTURAL FRAMING SYSTEM COMPONENTS,1.0,Non-structural framing system components must comply with ASTM C645,['c94ae37bf10b79a823bd06a8c2651ec1'],31499ee6277a4d71b19cb5b6be554c69,29,1,8,9
30,ASTM C754,NON-STRUCTURAL FRAMING SYSTEM COMPONENTS,1.0,Non-structural framing system components must comply with ASTM C754,['c94ae37bf10b79a823bd06a8c2651ec1'],d99eabad5dfd47278692569d2a9395b1,30,2,8,10
31,ASTM C754,METAL FRAMING,1.0,Metal framing needs to be installed in accordance with ASTM C754,['bd7711b3cc5e7582ccf9fabcc20a6c52'],d53f15cb7f7845de91cc44ad44ff9f6e,31,2,3,5
32,ASTM C1629/C1629M,GYP BD-1,2.0,GYP BD-1 is tested to Level 3 soft-body and hard-body impact in accordance with ASTM C1629/C1629M,"['b8d4317e60e6ced9ccb89b8d2233900d', 'e44f70319f728e5471c6c5a08a2c1719']",23becf8c6fca4f47a53ec4883d4bf63f,32,1,7,8
33,GA-600,FURRING FOR FIRE RATINGS,1.0,Furring for fire ratings needs to meet GA-600 requirements,['bd7711b3cc5e7582ccf9fabcc20a6c52'],d0ffa3bcd1234258953ff4956d19f561,33,1,1,2
34,CERTIFICATES,CONSTRUCTION SUBMITTALS,1.0,Certificates are a type of construction submittal required,['39bfaf6f9c5b3484e8c782d171697ab3'],ac41b77ba33c4c84877eb425aba03aa1,34,1,5,6
35,TEST REPORTS,CONSTRUCTION SUBMITTALS,1.0,Test reports are a type of construction submittal required,['39bfaf6f9c5b3484e8c782d171697ab3'],5d3184dabfd647a5a7e565f72c60ff24,35,1,5,6
36,EXTERIOR SHEATHING,ASTM C1280,1.0,Exterior sheathing installation must comply with ASTM C1280,['304e7da8028401a71bd65b8d7a7e84aa'],0ec262c2cfef4dd581f3655e5e496e31,36,3,1,4
37,EXTERIOR SHEATHING,DOUBLE LAYER APPLICATION,1.0,"Both layers of walls and ceilings are mechanically fastened to supports, similar to how exterior sheathing is installed",['8ea292c516a75f3da1505e31eae2e055'],100c2fccd7f74d9281707082f062ba72,37,3,1,4
38,EXTERIOR SHEATHING,SOLID WOOD BLOCKING,1.0,Solid wood blocking is provided wherever end joints of exterior sheathing do not bear against framing sills or plates,['8ea292c516a75f3da1505e31eae2e055'],378fc7636eeb4aabbfd40995a6960c64,38,3,1,4
39,FIRE-RESISTANCE-RATED ASSEMBLIES,GYPSUM BOARD ASSEMBLIES,1.0,Gypsum board assemblies include fire-resistance-rated assemblies,['39bfaf6f9c5b3484e8c782d171697ab3'],80a04aa18cd649d584292f23b10c0727,39,1,21,22
40,CONSTRUCTION SUBMITTALS,CLOSEOUT SUBMITTALS,1.0,Both are types of documentation required during different phases of the project,['10aa665cd16c9fc726970ed4037079b7'],4e9ca18ccc1d4527a3bc035d07f5e162,40,5,3,8
41,CONSTRUCTION SUBMITTALS,ADMINISTRATIVE REQUIREMENTS,1.0,Administrative requirements include the need for various construction submittals,['39bfaf6f9c5b3484e8c782d171697ab3'],5564257e89f1428486a64fcf52f49490,41,5,1,6
42,CLOSEOUT SUBMITTALS,OPERATION AND MAINTENANCE DATA,1.0,Operation and maintenance data is part of the closeout submittals,['2770d7d7e82fe863553bd28ecb036b8e'],83c76fbd2a004d90a5b0a6736ffed61d,42,3,1,4
43,CLOSEOUT SUBMITTALS,WARRANTY DOCUMENTATION,1.0,Warranty documentation is part of the closeout submittals,['2770d7d7e82fe863553bd28ecb036b8e'],d9779c41e3c74fe0b26e23822a4b995b,43,3,1,4
44,QUALITY ASSURANCE,INSTALLER QUALIFICATIONS,1.0,Installer qualifications are part of quality assurance measures,['10aa665cd16c9fc726970ed4037079b7'],9d7a563b3b2d405092c31f1fe08cff77,44,4,2,6
45,QUALITY ASSURANCE,SINGLE SOURCE RESPONSIBILITY,1.0,Single source responsibility is part of quality assurance measures,['10aa665cd16c9fc726970ed4037079b7'],bd43f3d439a54781bd4b721a9a269b92,45,4,3,7
46,QUALITY ASSURANCE,SUBMITTALS,1.0,"Submittals include product data, test reports, and certificates to ensure quality assurance",['e36c039c1bf21e18a28291a623adc97b'],adc0f95733e74351a891c4dadf650a52,46,4,1,5
47,QUALITY ASSURANCE,FIELD CONDITIONS,1.0,Quality assurance includes ensuring proper field conditions for installation,['39bfaf6f9c5b3484e8c782d171697ab3'],225105a7be14447cb03186bd40756059,47,4,3,7
48,INSTALLER QUALIFICATIONS,SINGLE SOURCE RESPONSIBILITY,1.0,Installer qualifications ensure that the company can meet the single source responsibility requirement,['2770d7d7e82fe863553bd28ecb036b8e'],efce8a9d61254447a26aee99e53f0398,48,2,3,5
49,SINGLE SOURCE RESPONSIBILITY,FIRESTOPPING MANUFACTURERS,1.0,Single source responsibility requires obtaining firestop materials from one of the specified firestopping manufacturers,['2770d7d7e82fe863553bd28ecb036b8e'],4a75a9f0b18a48bea9c0601c0fc395c4,49,3,1,4
50,PENETRATION OR OPENING TYPE,CONSTRUCTION ASSEMBLY,1.0,"Penetration or opening types are related to the construction assembly they penetrate, including fire-resistance ratings and thicknesses",['2770d7d7e82fe863553bd28ecb036b8e'],e19287afe00a431f9a593a4827d1b448,50,1,1,2
51,FIELD CONDITIONS,FIRESTOPPING ASSEMBLY,1.0,Field conditions must comply with the requirements for installing firestopping assemblies,['2770d7d7e82fe863553bd28ecb036b8e'],f2c06f3a0c704296bf3353b91ee8af47,51,3,2,5
52,FIELD CONDITIONS,GYPSUM BOARD ASSEMBLIES,1.0,Field conditions dictate when gypsum board assemblies should not be installed,['e36c039c1bf21e18a28291a623adc97b'],f512103ed4624accac6cbbf90d7d250a,52,3,21,24
53,MATERIALS,FIRESTOPPING ASSEMBLY,1.0,Materials used must meet the requirements for the firestopping assembly,['2770d7d7e82fe863553bd28ecb036b8e'],2325dafe50d1435cbee8ebcaa69688df,53,1,2,3
54,3M FIRE PROTECTION PRODUCTS,AWARDING AUTHORITY,1.0,The Awarding Authority can accept 3M Fire Protection Products as equal to the specified products,['e29a53d7440d299cd3f2e2e60653a57b'],469aeef98cd1421fa123277b93d7b83a,54,1,15,16
55,"HILTI, INC",AWARDING AUTHORITY,1.0,"The Awarding Authority can accept Hilti, Inc products as equal to the specified products",['e29a53d7440d299cd3f2e2e60653a57b'],2fb66f9a0de6406d83b61742a3b52cd6,55,1,15,16
56,PECORA CORPORATION,AWARDING AUTHORITY,1.0,The Awarding Authority can accept Pecora Corporation products as equal to the specified products,['e29a53d7440d299cd3f2e2e60653a57b'],b0e6cfd979ea48b997019b059999d3c2,56,1,15,16
57,RECTORSEAL,AWARDING AUTHORITY,1.0,The Awarding Authority can accept RectorSeal products as equal to the specified products,['e29a53d7440d299cd3f2e2e60653a57b'],ef00ec3a324f4f5986141401002af3f6,57,1,15,16
58,SPECIFIED TECHNOLOGIES INC,AWARDING AUTHORITY,1.0,The Awarding Authority can accept Specified Technologies Inc products as equal to the specified products,['e29a53d7440d299cd3f2e2e60653a57b'],a542fd7aed7341468028928937ea2983,58,1,15,16
59,"THERMAFIBER, INC",AWARDING AUTHORITY,1.0,"The Awarding Authority can accept Thermafiber, Inc products as equal to the specified products",['e29a53d7440d299cd3f2e2e60653a57b'],1c5e296a5ac541c1b5cac4357537c22d,59,1,15,16
60,USG,AWARDING AUTHORITY,1.0,The Awarding Authority can accept USG products as equal to the specified products,['e29a53d7440d299cd3f2e2e60653a57b'],5ecf534a9ffe46e0b1c2144110c691c0,60,1,15,16
61,AWARDING AUTHORITY,METAL FRAMING MATERIALS,1.0,The awarding authority accepts products as equal to specified products,['c94ae37bf10b79a823bd06a8c2651ec1'],4d183e7007624fcd98af96b9d752c16d,61,15,5,20
62,AWARDING AUTHORITY,TYPE X BOARD,1.0,The Awarding Authority accepts other manufacturer's products as equal to Type X board,['b8d4317e60e6ced9ccb89b8d2233900d'],718c507cb8ac49e6a35c251ac951b5ca,62,15,7,22
63,AWARDING AUTHORITY,SUBSTITUTION PROCEDURES,1.0,The Awarding Authority accepts products as equal to the specified products through the Substitution Procedures,['e44f70319f728e5471c6c5a08a2c1719'],b45ef27279c043269b23b894461d7d8c,63,15,1,16
64,AWARDING AUTHORITY,USG CORPORATION,1.0,"The Awarding Authority accepts USG Corporation's products as equal to the specified products in terms of construction, quality, durability, performance, and appearance",['a9aa38a36f838acf895e5ebc4888e6ed'],10983a248cc448c59c94df4d1d0898f0,64,15,8,23
65,AWARDING AUTHORITY,GEORGIA-PACIFIC GYPSUM,1.0,"The Awarding Authority accepts Georgia-Pacific Gypsum's products as equal to the specified products in terms of construction, quality, durability, performance, and appearance",['a9aa38a36f838acf895e5ebc4888e6ed'],e2ec7d3cdbeb4dd086ae6eb399332363,65,15,7,22
66,AWARDING AUTHORITY,"GOLD BOND BUILDING PRODUCTS, LLC",1.0,"The Awarding Authority accepts Gold Bond Building Products, LLC's products as equal to the specified products in terms of construction, quality, durability, performance, and appearance",['a9aa38a36f838acf895e5ebc4888e6ed'],67f10971666240ea930f3b875aabdc1a,66,15,3,18
67,AWARDING AUTHORITY,CERTAINTEED CORPORATION,1.0,"The Awarding Authority accepts CertainTeed Corporation's products as equal to the specified products in terms of construction, quality, durability, performance, and appearance",['a9aa38a36f838acf895e5ebc4888e6ed'],8b95083939ad4771b57a97c2d5805f36,67,15,6,21
68,AWARDING AUTHORITY,OTHER MANUFACTURER'S PRODUCTS,1.0,Awarding Authority accepts other manufacturer's products as equal to specified products,['ccfcd51dbef14d7454d59d6f5fb3d8ac'],3c4062de44d64870a3cc5913d5769244,68,15,1,16
69,AUTHORITY HAVING JURISDICTION (AHJ),THIRD-PARTY INSPECTOR,2.0,The AHJ requires inspection of installed firestopping systems by a third-party inspector,"['59ef923d484354891db68559af8a45c0', 'b623bddc2069860463f5f915e20548ba']",24652fab20d84381b112b8491de2887e,69,2,3,5
70,T-RATED THROUGH-PENETRATION FIRESTOP SYSTEMS,THROUGH-PENETRATION FIRESTOP SYSTEMS,1.0,"Both are types of firestop systems used to protect penetrations, with T-rated systems providing additional temperature protection",['5ce73a0d305ddf70f7d90cf7aa04b7c6'],d4602d4a27b34358baa86814a3836d68,70,2,2,4
71,FIRE-RESISTIVE JOINT SEALANTS,THROUGH-PENETRATION FIRESTOP SYSTEMS,1.0,Both are fire-resistive products used to prevent the spread of fire through penetrations and joints,['5ce73a0d305ddf70f7d90cf7aa04b7c6'],36be44627ece444284f9e759b8cd25c6,71,2,2,4
72,ELASTOMERIC SILICONE FIRESTOPPING,FOAM FIRESTOPPING,1.0,Both are types of firestopping materials with permanent durability and longevity,['5ce73a0d305ddf70f7d90cf7aa04b7c6'],a64b4b17b07a44e4b1ac33580d811936,72,2,2,4
73,ELASTOMERIC SILICONE FIRESTOPPING,SUBSTRATE SURFACES,1.0,Elastomeric silicone firestopping needs to be applied to clean substrate surfaces to ensure proper bonding,['59ef923d484354891db68559af8a45c0'],423b72bbd56f4caa98f3328202c1c3c9,73,2,7,9
74,FOAM FIRESTOPPING,SUBSTRATE SURFACES,1.0,Foam firestopping needs to be applied to clean substrate surfaces to ensure proper bonding,['59ef923d484354891db68559af8a45c0'],5c7ef01f46a94641bf1ae5cd25f8a538,74,2,7,9
75,FIBERED COMPOUND FIRESTOPPING,FIBER FIRESTOPPING,1.0,Both are fiber-based firestopping materials with permanent durability and longevity,['5ce73a0d305ddf70f7d90cf7aa04b7c6'],aefde1f7617f4c0e9aed31db77f6d862,75,2,2,4
76,FIBERED COMPOUND FIRESTOPPING,SUBSTRATE SURFACES,1.0,Fibered compound firestopping needs to be applied to clean substrate surfaces to ensure proper bonding,['59ef923d484354891db68559af8a45c0'],ad52ba79a84748a49067e53b1d5095f9,76,2,7,9
77,FIBER FIRESTOPPING,SUBSTRATE SURFACES,1.0,Fiber firestopping needs to be applied to clean substrate surfaces to ensure proper bonding,['59ef923d484354891db68559af8a45c0'],289616058bf4495887292003b27ba216,77,2,7,9
78,FIRESTOP DEVICES - WRAP TYPE,INTUMESCENT PUTTY,1.0,Both are firestopping products used to seal penetrations and provide fire resistance,['5ce73a0d305ddf70f7d90cf7aa04b7c6'],7ffa3a064bce468082739c5a164df5a3,78,1,2,3
79,INTUMESCENT PUTTY,SUBSTRATE SURFACES,1.0,Intumescent putty needs to be applied to clean substrate surfaces to ensure proper bonding,['59ef923d484354891db68559af8a45c0'],ce36d1d637cf4a4e93f5e37ffbc6bd76,79,2,7,9
80,FIRESTOP DEVICES,SUBSTRATE SURFACES,1.0,Firestop devices need to be installed in openings that are ready and clean of materials that could affect the bond,['59ef923d484354891db68559af8a45c0'],eeb9c02c0efa4131b9e95d33c31019fc,80,1,7,8
81,SUBSTRATE SURFACES,BACKING MATERIALS,1.0,Backing materials are installed to prevent leakage of liquid materials on substrate surfaces,['59ef923d484354891db68559af8a45c0'],7b2472c5dd9949c58828413387b94659,81,7,1,8
82,FIRE PROTECTION,PIPE,1.0,Fire protection systems need to ensure that all pipes penetrating fire rated construction are permanently installed before firestops and smoke seals,['59ef923d484354891db68559af8a45c0'],bdddcb17ba6c408599dd395ce64f960a,82,4,5,9
83,FIRE PROTECTION,CONDUIT,1.0,Fire protection systems need to ensure that all conduits penetrating fire rated construction are permanently installed before firestops and smoke seals,['59ef923d484354891db68559af8a45c0'],bc70fee2061541148833d19e86f225b3,83,4,5,9
84,FIRE PROTECTION,CABLE,1.0,Fire protection systems need to ensure that all cables penetrating fire rated construction are permanently installed before firestops and smoke seals,['59ef923d484354891db68559af8a45c0'],0fc15cc3b44c4142a770feb4c037a6f7,84,4,5,9
85,FIRE PROTECTION,FIRESTOPS,1.0,Fire protection systems must be coordinated with firestops to ensure all penetrations are sealed,['b623bddc2069860463f5f915e20548ba'],a24e9df02e1b4b43bf6324b039e28285,85,4,5,9
86,PLUMBING,PIPE,1.0,Plumbing systems need to ensure that all pipes penetrating fire rated construction are permanently installed before firestops and smoke seals,['59ef923d484354891db68559af8a45c0'],ab3a5a6713244fd595a1ace978c3d960,86,4,5,9
87,PLUMBING,CONDUIT,1.0,Plumbing systems need to ensure that all conduits penetrating fire rated construction are permanently installed before firestops and smoke seals,['59ef923d484354891db68559af8a45c0'],02a88c0d128e4586b2f1f64329786d3c,87,4,5,9
88,PLUMBING,CABLE,1.0,Plumbing systems need to ensure that all cables penetrating fire rated construction are permanently installed before firestops and smoke seals,['59ef923d484354891db68559af8a45c0'],1ca41537c47c4752a17a44d1d7086d96,88,4,5,9
89,PLUMBING,FIRESTOPS,1.0,Plumbing systems must be coordinated with firestops to ensure all penetrations are sealed,['b623bddc2069860463f5f915e20548ba'],7e0d14ca308b4796bdc675a64bd3a36e,89,4,5,9
90,MECHANICAL,PIPE,1.0,Mechanical systems need to ensure that all pipes penetrating fire rated construction are permanently installed before firestops and smoke seals,['59ef923d484354891db68559af8a45c0'],8323efc8e539419e9ca3c98e758f6609,90,4,5,9
91,MECHANICAL,CONDUIT,1.0,Mechanical systems need to ensure that all conduits penetrating fire rated construction are permanently installed before firestops and smoke seals,['59ef923d484354891db68559af8a45c0'],a80c7c98c0b647f8b9f6f8cc09168e44,91,4,5,9
92,MECHANICAL,CABLE,1.0,Mechanical systems need to ensure that all cables penetrating fire rated construction are permanently installed before firestops and smoke seals,['59ef923d484354891db68559af8a45c0'],2d66a15939294d21b83b3e277f0a4e46,92,4,5,9
93,MECHANICAL,FIRESTOPS,1.0,Mechanical systems must be coordinated with firestops to ensure all penetrations are sealed,['b623bddc2069860463f5f915e20548ba'],47f6d6573cf34e1096c95e36251dd60c,93,4,5,9
94,ELECTRICAL,PIPE,1.0,Electrical systems need to ensure that all pipes penetrating fire rated construction are permanently installed before firestops and smoke seals,['59ef923d484354891db68559af8a45c0'],2fbd74d5ccca4be99c5257b3ac95cfba,94,4,5,9
95,ELECTRICAL,CONDUIT,1.0,Electrical systems need to ensure that all conduits penetrating fire rated construction are permanently installed before firestops and smoke seals,['59ef923d484354891db68559af8a45c0'],a2b1621a3e424ae29a6a73f00edbeca3,95,4,5,9
96,ELECTRICAL,CABLE,1.0,Electrical systems need to ensure that all cables penetrating fire rated construction are permanently installed before firestops and smoke seals,['59ef923d484354891db68559af8a45c0'],ec45e1c400654c4f875046926486ded7,96,4,5,9
97,ELECTRICAL,FIRESTOPS,1.0,Electrical systems must be coordinated with firestops to ensure all penetrations are sealed,['b623bddc2069860463f5f915e20548ba'],047cd93e9d704c7d8dadb6e79f9458df,97,4,5,9
98,PIPE,FIRE RATED CONSTRUCTION,1.0,Pipes that penetrate fire rated construction must be permanently installed before firestops are applied,['b623bddc2069860463f5f915e20548ba'],5b71ee73a5b6484495b2a0a75219426c,98,5,3,8
99,CONDUIT,FIRE RATED CONSTRUCTION,1.0,Conduits that penetrate fire rated construction must be permanently installed before firestops are applied,['b623bddc2069860463f5f915e20548ba'],e1f524d4b9754ce2b64a0a4c8f73b854,99,5,3,8
100,CABLE,FIRE RATED CONSTRUCTION,1.0,Cables that penetrate fire rated construction must be permanently installed before firestops are applied,['b623bddc2069860463f5f915e20548ba'],ae1fe1c014c54ec4bcdf10dbdaed5068,100,5,3,8
101,THIRD-PARTY INSPECTOR,OWNER,2.0,The owner provides the third-party inspector for the inspection of installed firestopping systems. The third-party inspector conducts these inspections on behalf of the owner.,"['59ef923d484354891db68559af8a45c0', 'b623bddc2069860463f5f915e20548ba']",92646910ee624bd7909fac2b5c0232e3,101,3,1,4
102,THIRD-PARTY INSPECTOR,SUBCONTRACTOR,2.0,The subcontractor must cooperate with the third-party inspector to facilitate inspections,"['59ef923d484354891db68559af8a45c0', 'b623bddc2069860463f5f915e20548ba']",05913bee89a94bca88449249e35ba74d,102,3,3,6
103,SUBCONTRACTOR,SECTION 01 40 00 - QUALITY REQUIREMENTS,1.0,The subcontractor must follow the quality requirements outlined in Section 01 40 00,['b623bddc2069860463f5f915e20548ba'],57b8930790c34dcba4a32c6be703ed78,103,3,1,4
104,SUBCONTRACTOR,DIVISION 01 - GENERAL REQUIREMENTS,1.0,The subcontractor must follow the general requirements outlined in Division 01,['b623bddc2069860463f5f915e20548ba'],838c4498bc3c437f8d65428b580766a2,104,3,1,4
105,FIRESTOPS,ADJACENT SURFACES,1.0,Adjacent surfaces must be cleaned of firestopping materials,['b623bddc2069860463f5f915e20548ba'],1b893f24eb98477aad6ce49c0f26737e,105,5,2,7
106,SMOKE SEALS,ADJACENT SURFACES,1.0,Adjacent surfaces must be protected from damage during the installation of smoke seals,['b623bddc2069860463f5f915e20548ba'],6573bc2af4f94596a3f4452a602d6fc4,106,1,2,3
107,GYPSUM BOARD ASSEMBLIES,METAL STUD WALL FRAMING,1.0,Metal stud wall framing is a component of gypsum board assemblies,['f67963b3ad0f43578479c9a6b013d745'],0dddcca0e5df4b16bc03a51a2d2d8e16,107,21,1,22
108,GYPSUM BOARD ASSEMBLIES,GYPSUM CEILING SUSPENSION SYSTEM,1.0,Gypsum ceiling suspension system is a component of gypsum board assemblies,['f67963b3ad0f43578479c9a6b013d745'],df40ad480a3c47299a6c8fad05349304,108,21,7,28
109,GYPSUM BOARD ASSEMBLIES,ACOUSTIC BATT INSULATION AND SEALANT,1.0,Acoustic batt insulation and sealant are components of gypsum board assemblies,['f67963b3ad0f43578479c9a6b013d745'],fe98fb197d294b0b837aee8d5a98dfb1,109,21,1,22
110,GYPSUM BOARD ASSEMBLIES,GYPSUM SHEATHING,1.0,Gypsum sheathing is a component of gypsum board assemblies,['f67963b3ad0f43578479c9a6b013d745'],feb9ddd0ac2949178f26a36949aa5422,110,21,1,22
111,GYPSUM BOARD ASSEMBLIES,CEMENTITIOUS BACKING BOARD,1.0,Cementitious backing board is a component of gypsum board assemblies,['f67963b3ad0f43578479c9a6b013d745'],b4e4fa2e3dfc46e68d532d659b18d17d,111,21,3,24
112,GYPSUM BOARD ASSEMBLIES,GYPSUM BOARD,1.0,Gypsum board is a component of gypsum board assemblies,['f67963b3ad0f43578479c9a6b013d745'],f58813d090b947a48c1b4614b92c3ec3,112,21,13,34
113,GYPSUM BOARD ASSEMBLIES,JOINT TREATMENT AND ACCESSORIES,1.0,Joint treatment and accessories are components of gypsum board assemblies,['f67963b3ad0f43578479c9a6b013d745'],30a251bc3d04430d82b5a1a98c7b8c75,113,21,1,22
114,GYPSUM BOARD ASSEMBLIES,AISI,1.0,AISI provides standards for the design of cold-formed steel structural members used in gypsum board assemblies,['f67963b3ad0f43578479c9a6b013d745'],93e1d19f9bfa4c6b8962d56d10ea9483,114,21,1,22
115,GYPSUM BOARD ASSEMBLIES,ANSI,1.0,ANSI provides standards for the installation and testing of cementitious backer units used in gypsum board assemblies,['f67963b3ad0f43578479c9a6b013d745'],8046335ba70b434aa3188392a746fd78,115,21,1,22
116,GYPSUM BOARD ASSEMBLIES,GA,1.0,"GA provides standards for gypsum products, including levels of finish used in gypsum board assemblies",['f67963b3ad0f43578479c9a6b013d745'],5c02b1ab32064c64a0f8b27b219e358a,116,21,1,22
117,GYPSUM BOARD ASSEMBLIES,FRAMING MEMBERS,1.0,Framing members are designed to receive screw-attached gypsum panel products,['e36c039c1bf21e18a28291a623adc97b'],c5f77ba0c261408780db3d50346f16b7,117,21,1,22
118,GYPSUM BOARD ASSEMBLIES,ASTM C840,1.0,Gypsum board assemblies must comply with ASTM C840,['e36c039c1bf21e18a28291a623adc97b'],453ecf5476f64f4a8d5020b95baf1314,118,21,1,22
119,GYPSUM BOARD ASSEMBLIES,GA-216,1.0,Gypsum board assemblies must comply with GA-216,['e36c039c1bf21e18a28291a623adc97b'],6a1d83c9ce2b483dbd7de5ab3ae2487d,119,21,1,22
120,GYPSUM BOARD ASSEMBLIES,ACOUSTIC ATTENUATION,1.0,Gypsum board assemblies include characteristics such as acoustic attenuation,['39bfaf6f9c5b3484e8c782d171697ab3'],66c3dffb7d7a4fa8bb6b48a22ca917a6,120,21,2,23
121,GYPSUM BOARD ASSEMBLIES,CEILINGS,1.0,Gypsum board assemblies include ceiling components,['39bfaf6f9c5b3484e8c782d171697ab3'],6f3dd1fd6d7f4df4af0656ed0525c92e,121,21,1,22
122,GYPSUM BOARD ASSEMBLIES,WALL SURFACES TO RECEIVE TILE FINISH,1.0,Gypsum board assemblies include wall surfaces to receive tile finish,['39bfaf6f9c5b3484e8c782d171697ab3'],711eb39432794b0a91110358dd536517,122,21,1,22
123,GYPSUM BOARD ASSEMBLIES,SOUND INSULATION,1.0,Sound insulation is installed prior to gypsum board unless it can be readily installed after,['a1427156b5fe251f667b0eea83723734'],0e00585b08044954a254116665400463,123,21,2,23
124,GYPSUM BOARD ASSEMBLIES,SLIP JOINT,1.0,Slip joints are provided where partitions abut ceiling or deck construction or vertical structural elements to prevent transfer of structural loads or movements,['a1427156b5fe251f667b0eea83723734'],db0147eff2204a20b5e5e6bec7a8bae5,124,21,1,22
125,GYPSUM CEILING SUSPENSION SYSTEM,MAIN TEES,1.0,Main tees are a component of the gypsum ceiling suspension system,['65063909e4d43765cddb38bb5ae9076a'],67bb4f4678284819add02ba04f3b1103,125,7,6,13
126,GYPSUM CEILING SUSPENSION SYSTEM,CROSS TEES,1.0,Cross tees are a component of the gypsum ceiling suspension system,['65063909e4d43765cddb38bb5ae9076a'],2033ec0487f04240abb3bdbe77b39087,126,7,6,13
127,GYPSUM CEILING SUSPENSION SYSTEM,WALL TRACK,1.0,Wall track is a component of the gypsum ceiling suspension system,['65063909e4d43765cddb38bb5ae9076a'],f026fab8fec948ae9e7baa2ad715e6ef,127,7,4,11
128,GYPSUM CEILING SUSPENSION SYSTEM,ACCESSORY PIECES,1.0,Accessory pieces are provided to facilitate a complete installation of the gypsum ceiling suspension system,['65063909e4d43765cddb38bb5ae9076a'],d0d7ed36d6f54b5d986dfd854096b728,128,7,3,10
129,GYPSUM CEILING SUSPENSION SYSTEM,HANGER WIRE,1.0,Hanger wire is used in the installation of the gypsum ceiling suspension system,['65063909e4d43765cddb38bb5ae9076a'],bf6a4c18f44042799eb7456a6b85b54a,129,7,4,11
130,GYPSUM CEILING SUSPENSION SYSTEM,FASTENER,1.0,Fasteners are recommended by the manufacturer for the installation of the gypsum ceiling suspension system,['65063909e4d43765cddb38bb5ae9076a'],fac4a59c2278498d83f9f1b4231ad62e,130,7,2,9
131,CEMENTITIOUS BACKING BOARD,GYPSUM BOARD,1.0,"Cementitious backing board is installed over steel framing members and plywood substrate where indicated, similar to gypsum board",['304e7da8028401a71bd65b8d7a7e84aa'],d6d2b5862ddc4c4d87deee3423506817,131,3,13,16
132,CEMENTITIOUS BACKING BOARD,METAL FRAMING,1.0,Cementitious backing board is installed over steel framing members,['8ea292c516a75f3da1505e31eae2e055'],47d588d26e2b4cccb68fe2af4c147c8f,132,3,3,6
133,GYPSUM BOARD,ACOUSTIC SEALANT,2.0,"GYPSUM BOARD and ACOUSTIC SEALANT are often used together in construction projects. Acoustic sealant is specifically recommended for use with gypsum board by the board manufacturer. It is applied to provide continuous beads of sealant at various junctures and around penetrations, including areas where gypsum board is installed. This combination ensures effective sealing and soundproofing in building structures.","['bd9108ca0ce8d6344be8640e66ca0b01', 'ccfcd51dbef14d7454d59d6f5fb3d8ac']",c0f2dc03d8df400db4997c1a0babd6ad,133,13,1,14
134,GYPSUM BOARD,FINISHING ACCESSORIES,1.0,Finishing accessories are applied over gypsum board edges and corners,['ccfcd51dbef14d7454d59d6f5fb3d8ac'],0211d61aae834229a3a1e004ff5cc658,134,13,2,15
135,GYPSUM BOARD,JOINT TREATMENT,1.0,Joint treatment is used for treating joints in gypsum board,['ccfcd51dbef14d7454d59d6f5fb3d8ac'],ccbbbcc055c34709abcf103208c2c299,135,13,4,17
136,GYPSUM BOARD,STANDARD WALL FURRING,1.0,Standard wall furring is installed to receive gypsum board,['bd7711b3cc5e7582ccf9fabcc20a6c52'],989add81cf874018a569239b68d17ff2,136,13,2,15
137,GYPSUM BOARD,FIRE RATED SYSTEM,1.0,"Fire rated systems are installed in accordance with UL design guidelines, which may include the use of gypsum board",['bd9108ca0ce8d6344be8640e66ca0b01'],fd7d94fbab084bc380480abeef6bfade,137,13,1,14
138,GYPSUM BOARD,ASTM C 840,1.0,Gypsum board installation must comply with ASTM C 840 to minimize butt end joints,['304e7da8028401a71bd65b8d7a7e84aa'],cfb915c95caf41c6a25e99a9f37f03a2,138,13,1,14
139,GYPSUM BOARD,SETTING TYPE JOINT COMPOUND,1.0,Setting type joint compound is used at abuse-resistant and reinforced gypsum board walls,['304e7da8028401a71bd65b8d7a7e84aa'],8815ed80f9b741dbb458d902024f34a4,139,13,2,15
140,GYPSUM BOARD,FIRE-RESISTANCE-RATED CONSTRUCTION,1.0,Gypsum board must be installed in strict compliance with fire-resistance-rated construction requirements,['304e7da8028401a71bd65b8d7a7e84aa'],dddb831546354e088d29aebd154e3a31,140,13,1,14
141,GYPSUM BOARD,CONTROL JOINTS,1.0,Control joints are inserted into open joints of gypsum board and stapled to the board,['36a5e86197af36c28248032e4cbd4de2'],005d2154da754b21adcd90ac921bd5f7,141,13,4,17
142,GYPSUM BOARD,CORNER BEADS,1.0,Corner beads are installed at external corners of gypsum board,['36a5e86197af36c28248032e4cbd4de2'],711ba818354546cea69f1532b92a2f26,142,13,2,15
143,GYPSUM BOARD,EDGE TRIM,1.0,Edge trim is installed where gypsum board abuts dissimilar materials,['36a5e86197af36c28248032e4cbd4de2'],5c4d8a8f9c104176b87d2bfdf04ae0bd,143,13,2,15
144,ASTM C1325,GYP BD-9,1.0,GYP BD-9 complies with ASTM C1325 for non-gypsum-based cement boards,['e44f70319f728e5471c6c5a08a2c1719'],5a781604f1fb4719b730f43f534627f6,144,1,5,6
145,ASTM C1396/C1396M,GYP BD-1,2.0,GYP BD-1 includes paper-faced gypsum board as defined in ASTM C1396/C1396M,"['b8d4317e60e6ced9ccb89b8d2233900d', 'e44f70319f728e5471c6c5a08a2c1719']",ecdc1020b10e49ca869d399825e16fa3,145,2,7,9
146,ASTM C1396/C1396M,GYP BD-6,1.0,GYP BD-6 is defined in ASTM C1396/C1396M,['e44f70319f728e5471c6c5a08a2c1719'],0d8fde01d7234726a00d7e73e2e01d66,146,2,3,5
147,ASTM C1658/C1658M,GYP BD-1,2.0,GYP BD-1 includes glass mat-faced gypsum board as defined in ASTM C1658/C1658M,"['b8d4317e60e6ced9ccb89b8d2233900d', 'e44f70319f728e5471c6c5a08a2c1719']",9c4bd60958fd4e09a6d5b9e2ab163b5a,147,1,7,8
148,ASTM D3273,GYP BD-3,1.0,GYP BD-3 has a mold resistance score of 10 when tested in accordance with ASTM D3273,['b8d4317e60e6ced9ccb89b8d2233900d'],39d31f770cf740e78d526a2e1101a1db,148,3,3,6
149,ASTM D3273,GYP BD-1,1.0,GYP BD-1 has a mold resistance score of 10 when tested in accordance with ASTM D3273,['e44f70319f728e5471c6c5a08a2c1719'],9d282b2250f7408888504f1f93c202a8,149,3,7,10
150,ASTM D3273,GYP BD-9,1.0,GYP BD-9 has a mold resistance score of 10 when tested in accordance with ASTM D3273,['e44f70319f728e5471c6c5a08a2c1719'],c063484895794a0eaae1b0ff070ad4c9,150,3,5,8
151,ASTM E413,ACOUSTIC ATTENUATION,1.0,Acoustic attenuation for interior partitions is calculated in accordance with ASTM E413,['e36c039c1bf21e18a28291a623adc97b'],e8868920e21b4431aad16e86db977ecb,151,1,2,3
152,METAL FRAMING MATERIALS,CLARKDIETRICH BUILDING SYSTEMS,2.0,ClarkDietrich Building Systems is a specified manufacturer of metal framing materials.,"['39bfaf6f9c5b3484e8c782d171697ab3', 'c94ae37bf10b79a823bd06a8c2651ec1']",aea3378bfff842e5b3f4b7a4b55b3879,152,5,2,7
153,METAL FRAMING MATERIALS,MARINO,2.0,Marino is a specified manufacturer of metal framing materials.,"['39bfaf6f9c5b3484e8c782d171697ab3', 'c94ae37bf10b79a823bd06a8c2651ec1']",d562223c17d948bf98e34b4d97dde932,153,5,2,7
154,METAL FRAMING MATERIALS,PHILLIPS MANUFACTURING CO,2.0,Phillips Manufacturing Co is a specified manufacturer of metal framing materials.,"['39bfaf6f9c5b3484e8c782d171697ab3', 'c94ae37bf10b79a823bd06a8c2651ec1']",cde2d75c51d245879265b79d14b8699b,154,5,2,7
155,METAL FRAMING MATERIALS,NON-STRUCTURAL FRAMING SYSTEM COMPONENTS,1.0,Non-structural framing system components are a type of metal framing material,['39bfaf6f9c5b3484e8c782d171697ab3'],44594467054849d4a1fadb46ddd51641,155,5,8,13
156,CLARKDIETRICH BUILDING SYSTEMS,PROSTUD,1.0,ProStud is a product manufactured by ClarkDietrich Building Systems,['c94ae37bf10b79a823bd06a8c2651ec1'],2918130221f94f4387da049b647bfe6a,156,2,1,3
157,MARINO,VIPERSTUD,1.0,ViperStud is a product manufactured by Marino,['c94ae37bf10b79a823bd06a8c2651ec1'],fd139ac75b0e4777ab67b7423eaaa37f,157,2,2,4
158,PHILLIPS MANUFACTURING CO,VIPERSTUD,1.0,ViperStud is a product manufactured by Phillips Manufacturing Co,['c94ae37bf10b79a823bd06a8c2651ec1'],a701c349eb7142d48ba7efad89caf9d2,158,2,2,4
159,NON-STRUCTURAL FRAMING SYSTEM COMPONENTS,ASTM E72,1.0,Non-structural framing system components must be tested in accordance with ASTM E72,['c94ae37bf10b79a823bd06a8c2651ec1'],e5d40a1b17f74b1db5d18279caedb04a,159,8,1,9
160,NON-STRUCTURAL FRAMING SYSTEM COMPONENTS,TILE MANUFACTURER'S RECOMMENDATIONS,1.0,Non-structural framing system components must comply with tile manufacturer's recommendations for deflection,['c94ae37bf10b79a823bd06a8c2651ec1'],de25d06733d04385825ee082792f5e52,160,8,1,9
161,NON-STRUCTURAL FRAMING SYSTEM COMPONENTS,RESILIENT FURRING CHANNELS,1.0,Resilient furring channels are part of non-structural framing system components,['c94ae37bf10b79a823bd06a8c2651ec1'],32f6f11a7845416b8c6eb9fb0b382140,161,8,2,10
162,NON-STRUCTURAL FRAMING SYSTEM COMPONENTS,SHAFT WALL STUDS AND ACCESSORIES,1.0,Shaft wall studs and accessories are part of non-structural framing system components,['c94ae37bf10b79a823bd06a8c2651ec1'],91407be8c3e54e23918d3a7183d962db,162,8,2,10
163,NON-STRUCTURAL FRAMING SYSTEM COMPONENTS,PARTITION HEAD TO STRUCTURE CONNECTIONS,1.0,Partition head to structure connections are part of non-structural framing system components,['c94ae37bf10b79a823bd06a8c2651ec1'],3831134696584d83bbf676a6b3bfa8f9,163,8,7,15
164,ASTM A653/A653M,PARTITION HEAD TO STRUCTURE CONNECTIONS,1.0,Partition head to structure connections must use materials complying with ASTM A653/A653M,['c94ae37bf10b79a823bd06a8c2651ec1'],50e512a5dbe941f5af68bfdf74b1c3c0,164,1,7,8
165,AISI S100,PARTITION HEAD TO STRUCTURE CONNECTIONS,1.0,Partition head to structure connections must maintain structural performance as per AISI S100,['c94ae37bf10b79a823bd06a8c2651ec1'],edc717747e904728b57185f5013461f9,165,1,7,8
166,UL-LISTED,PARTITION HEAD TO STRUCTURE CONNECTIONS,1.0,Partition head to structure connections must use UL-listed components,['c94ae37bf10b79a823bd06a8c2651ec1'],8fba1fea719d49d380ac2d9c310d68b3,166,1,7,8
167,RESILIENT FURRING CHANNELS,SHAFT WALL STUDS AND ACCESSORIES,1.0,Both are components used in wall construction and must comply with specified performance requirements,['65063909e4d43765cddb38bb5ae9076a'],532da08f04f645708e747c57e9c4ee05,167,2,2,4
168,PARTITION HEAD TO STRUCTURE CONNECTIONS,DEFLECTION AND FIRESTOP,1.0,Deflection and firestop are requirements for partition head to structure connections,['c94ae37bf10b79a823bd06a8c2651ec1'],3cf0ab4cf14e47ddabd49d500a3dc488,168,7,1,8
169,PARTITION HEAD TO STRUCTURE CONNECTIONS,STRUCTURAL PERFORMANCE,1.0,Partition head to structure connections must maintain structural performance,['65063909e4d43765cddb38bb5ae9076a'],a39b72f8921f43ef8ef295c7cc8f7294,169,7,1,8
170,PARTITION HEAD TO STRUCTURE CONNECTIONS,DEFLECTION AND FIRESTOP TRACK,1.0,Deflection and firestop track must accommodate deflection while maintaining the fire-rating of the wall assembly,['65063909e4d43765cddb38bb5ae9076a'],9f5adbeb6cf04f089abe78d86cfa6aba,170,7,1,8
171,WALL FRAMING,TILE MANUFACTURER'S INSTRUCTIONS,1.0,Wall framing must comply with tile manufacturer's instructions for deflection requirements,['65063909e4d43765cddb38bb5ae9076a'],efb6350e65964659bc20396c0166b296,171,1,1,2
172,MAIN TEES,CROSS TEES,1.0,Main tees and cross tees are components of the same ceiling system and are designed to interconnect,['ebfbd911ef63e2dcb5619d64a9cef995'],e095cc36da784300b27c6f8c60a96440,172,6,6,12
173,MAIN TEES,HANGER WIRE,1.0,Main tees are pre-punched for hanger wire holes,['ebfbd911ef63e2dcb5619d64a9cef995'],c68893ca39d74ba08c6eb138f24441e1,173,6,4,10
174,MAIN TEES,WALL TRACK,1.0,Wall track is part of the ceiling system that includes main tees,['ebfbd911ef63e2dcb5619d64a9cef995'],472b23bb92834173b4118d101040c726,174,6,4,10
175,MAIN TEES,ACCESSORY PIECES,1.0,Accessory pieces are provided to facilitate the complete installation of the ceiling system that includes main tees,['ebfbd911ef63e2dcb5619d64a9cef995'],81869985b45a4fefbbbb23ea118a3de4,175,6,3,9
176,MAIN TEES,SUSPENDED GYPSUM CEILING SYSTEM,1.0,"Main tees are a component of the suspended gypsum ceiling system, installed 48 inches on center",['48a872a231b37f12c40ad4d34629eef3'],42b8584c5a874eb08fbd61f0c18f3ca0,176,6,5,11
177,CROSS TEES,HANGER WIRE,1.0,Cross tees are part of the ceiling system that is supported by hanger wires,['ebfbd911ef63e2dcb5619d64a9cef995'],824d93d9840a4b7c8b1f31bc6816b497,177,6,4,10
178,CROSS TEES,ACCESSORY PIECES,1.0,Accessory pieces are provided to facilitate the complete installation of the ceiling system that includes cross tees,['ebfbd911ef63e2dcb5619d64a9cef995'],f209a808f1f04a5699601e672f4abd06,178,6,3,9
179,CROSS TEES,SUSPENDED GYPSUM CEILING SYSTEM,1.0,"Cross tees are a component of the suspended gypsum ceiling system, installed perpendicular to main runners",['48a872a231b37f12c40ad4d34629eef3'],ccb335166f6c4564ac1c61549d8ded50,179,6,5,11
180,CROSS TEES,WALL TRACK,1.0,"Cross tees are installed perpendicular to main runners and adjacent to unsupported sides of recessed fixtures, which intersect with wall tracks",['bd9108ca0ce8d6344be8640e66ca0b01'],cbe1a41a82aa4f268e8264568b25938f,180,6,4,10
181,WALL TRACK,SUSPENDED GYPSUM CEILING SYSTEM,1.0,"Wall track is a component of the suspended gypsum ceiling system, installed on vertical surfaces",['48a872a231b37f12c40ad4d34629eef3'],28e7639f55ce464c8a080cbb2c745fa2,181,4,5,9
182,HANGER WIRE,FASTENER,1.0,Hanger wires are installed using fasteners recommended by the manufacturer,['ebfbd911ef63e2dcb5619d64a9cef995'],3f3a2d7aa1294116814f0b4d89baa23d,182,4,2,6
183,GYP BD-2,GYP BD-3,1.0,"Both GYP BD-2 and GYP BD-3 are types of gypsum board used in construction, with specific applications and properties",['ebfbd911ef63e2dcb5619d64a9cef995'],3073b33926bd4f33807ffa3befacefaf,183,1,3,4
184,GYP BD-3,VERTICAL SURFACES,1.0,GYP BD-3 is used for vertical surfaces in rooms subject to moderate moisture or humidity,['b8d4317e60e6ced9ccb89b8d2233900d'],2b916117691c4872a9c4e4888d4fe4ab,184,3,2,5
185,TYPE X BOARD,VERTICAL SURFACES,1.0,Type X board is used for vertical surfaces,['b8d4317e60e6ced9ccb89b8d2233900d'],1f7b02bf486e4f42b23e9cb1a63207f3,185,7,2,9
186,TYPE X BOARD,MULTI-LAYER ASSEMBLIES,1.0,Type X board is used in multi-layer assemblies with thicknesses as indicated on drawings,['b8d4317e60e6ced9ccb89b8d2233900d'],e744c118ae7f4638a01d060bbaedd6e9,186,7,1,8
187,TYPE X BOARD,USG CORPORATION,1.0,"USG Corporation manufactures Sheetrock Brand Gypsum Panels, which include Type X board",['b8d4317e60e6ced9ccb89b8d2233900d'],e1c1080c717d437996def1a41772d179,187,7,8,15
188,TYPE X BOARD,CERTAINTEED CORPORATION,1.0,"CertainTeed Corporation manufactures ProRoc Brand Gypsum Board with M2Tech, which includes Type X board",['b8d4317e60e6ced9ccb89b8d2233900d'],63fba9a7c47a4f14ac0bee6bc90d0fea,188,7,6,13
189,TYPE X BOARD,GEORGIA-PACIFIC GYPSUM,1.0,"Georgia-Pacific Gypsum manufactures ToughRock Mold-Guard Board, which includes Type X board",['b8d4317e60e6ced9ccb89b8d2233900d'],6bfc2395b4f54a528a1ebac94a43acb8,189,7,7,14
190,TYPE X BOARD,NATIONAL GYPSUM COMPANY,1.0,"National Gypsum Company manufactures Gold Bond Brand Gypsum Board, which includes Type X board",['b8d4317e60e6ced9ccb89b8d2233900d'],1cce5cebf437428eb1a60dffbdfa603f,190,7,3,10
191,USG CORPORATION,GYP BD-1,1.0,"USG Corporation manufactures Sheetrock Brand Mold Tough - VHI Abuse-Resistant panels, which is a product listed under GYP BD-1",['e44f70319f728e5471c6c5a08a2c1719'],dc94039d6643460ca3c66150b9087129,191,8,7,15
192,USG CORPORATION,GYP BD-9,2.0,"USG Corporation manufactures Durock Brand Cement Board, which is a product listed under GYP BD-9.","['4162ae30bba9ac50d6c61c5f10fe419b', 'e44f70319f728e5471c6c5a08a2c1719']",f197d75f159943f8a3ff441199790bc7,192,8,5,13
193,USG CORPORATION,GYP BD-6,1.0,"USG Corporation manufactures Sheetrock Brand Sag-Resistant Interior Gypsum Ceiling Board, which is a product under GYP BD-6",['4162ae30bba9ac50d6c61c5f10fe419b'],4d8890c699684c9381105b03b0b41b03,193,8,3,11
194,USG CORPORATION,GYP BD-5,2.0,"USG Corporation manufactures and produces Securock Glass-Mat Sheathing, which is a product categorized under GYP BD-5.","['4162ae30bba9ac50d6c61c5f10fe419b', 'a9aa38a36f838acf895e5ebc4888e6ed']",b1658adfa43847eabad1437db235e858,194,8,4,12
195,USG CORPORATION,GYP BD-7,1.0,"USG Corporation produces Sheetrock Exterior Gypsum Ceiling Board, which is a type of GYP BD-7",['a9aa38a36f838acf895e5ebc4888e6ed'],a1773cac7d4c4939aec965660e5015fe,195,8,3,11
196,USG CORPORATION,SHEETROCK EXTERIOR GYPSUM CEILING BOARD,1.0,USG Corporation manufactures Sheetrock Exterior Gypsum Ceiling Board,['ccfcd51dbef14d7454d59d6f5fb3d8ac'],6a054cb59fb44cf494b93988b5f88833,196,8,1,9
197,CERTAINTEED CORPORATION,CERTAINTEED CORPORATION EXTREME IMPACT RESISTANT DRYWALL,1.0,CertainTeed Corporation manufactures Extreme Impact Resistant Drywall,['b8d4317e60e6ced9ccb89b8d2233900d'],e7b103a52e384e3e8bf14105223e7e82,197,6,1,7
198,CERTAINTEED CORPORATION,GYP BD-1,1.0,"CertainTeed Corporation manufactures Extreme Impact Resistant Drywall with M2Tech, which is a product listed under GYP BD-1",['e44f70319f728e5471c6c5a08a2c1719'],3f1042452c254cecaf7189e89162adc8,198,6,7,13
199,CERTAINTEED CORPORATION,GYP BD-7,1.0,"CertainTeed Corporation produces ProRoc Brand Exterior Soffit Board, which is a type of GYP BD-7",['a9aa38a36f838acf895e5ebc4888e6ed'],fd31d549420744d1bd1a6b1112a9a6ba,199,6,3,9
200,CERTAINTEED CORPORATION,PROROC BRAND EXTERIOR SOFFIT BOARD,1.0,CertainTeed Corporation manufactures ProRoc Brand Exterior Soffit Board,['ccfcd51dbef14d7454d59d6f5fb3d8ac'],f7ab348030714072a277682b51f7c588,200,6,1,7
201,GEORGIA-PACIFIC GYPSUM,GYP BD-6,1.0,"Georgia-Pacific Gypsum manufactures ToughRock Span 24 Ceiling Board, which is a product under GYP BD-6",['4162ae30bba9ac50d6c61c5f10fe419b'],2139b0906dc541e094138a978d070416,201,7,3,10
202,GEORGIA-PACIFIC GYPSUM,GYP BD-5,2.0,"Georgia-Pacific Gypsum manufactures and produces DensGlass Sheathing, which is a product categorized under GYP BD-5.","['4162ae30bba9ac50d6c61c5f10fe419b', 'a9aa38a36f838acf895e5ebc4888e6ed']",ff5466607e5d4453b1d833629292f664,202,7,4,11
203,GEORGIA-PACIFIC GYPSUM,GYP BD-7,1.0,"Georgia-Pacific Gypsum produces ToughRock Fireguard C Soffit Board, which is a type of GYP BD-7",['a9aa38a36f838acf895e5ebc4888e6ed'],71f95003936e46a98d90757ffd845d40,203,7,3,10
204,GEORGIA-PACIFIC GYPSUM,SHAFTWALL AND COREBOARD,2.0,"Georgia-Pacific Gypsum manufactures and produces DensGlass Shaftliner, which is a type of shaftwall and coreboard.","['a9aa38a36f838acf895e5ebc4888e6ed', 'ccfcd51dbef14d7454d59d6f5fb3d8ac']",bada987ea7da4c939393ee1c3d08ccd4,204,7,1,8
205,GEORGIA-PACIFIC GYPSUM,TOUGHROCK FIREGUARD C SOFFIT BOARD,1.0,Georgia-Pacific Gypsum manufactures ToughRock Fireguard C Soffit Board,['ccfcd51dbef14d7454d59d6f5fb3d8ac'],d0a274e7934d446fb91847bb53a961a6,205,7,1,8
206,NATIONAL GYPSUM COMPANY,GYP BD-9,2.0,"National Gypsum Company manufactures PermaBase Brand Cement Board, which is a product listed under GYP BD-9.","['4162ae30bba9ac50d6c61c5f10fe419b', 'e44f70319f728e5471c6c5a08a2c1719']",0a799eab61bc4e6b884db6689f9c2c4a,206,3,5,8
207,NATIONAL GYPSUM COMPANY,GYP BD-5,1.0,"National Gypsum Company manufactures Gold Bond eXP Fire-Shield Sheathing, which is a product under GYP BD-5",['4162ae30bba9ac50d6c61c5f10fe419b'],8c34cd494a63438dac219c1dc0f73100,207,3,4,7
208,GYP BD-1,"GOLD BOND BUILDING PRODUCTS, LLC",1.0,"Gold Bond Building Products, LLC provides Gold Bond XP Hi-Impact Gypsum Board, which is a product listed under GYP BD-1",['e44f70319f728e5471c6c5a08a2c1719'],c6f428af0c5e4f629902fd5455bf19ac,208,7,3,10
209,GYP BD-9,CUSTOM BUILDING PRODUCTS,2.0,"Custom Building Products manufactures Wonderboard, which is a product listed under GYP BD-9.","['4162ae30bba9ac50d6c61c5f10fe419b', 'e44f70319f728e5471c6c5a08a2c1719']",d1fd271d16c348019c2fcced762b35a2,209,5,1,6
210,"GOLD BOND BUILDING PRODUCTS, LLC",GYP BD-5,1.0,"Gold Bond Building Products, LLC produces Gold Bond eXP Fire-Shield Sheathing, which is a type of GYP BD-5",['a9aa38a36f838acf895e5ebc4888e6ed'],ffa128c9c0c84d39bad1bba8cfa4adc5,210,3,4,7
211,ACOUSTIC INSULATION,THERMAL INSULATION,1.0,Acoustic insulation is specified in Section 07 21 00 - Thermal Insulation,['ccfcd51dbef14d7454d59d6f5fb3d8ac'],058f66cc356b43cc9433bd3c8d57fa46,211,3,1,4
212,ACOUSTIC INSULATION,PARTITION INSULATION,2.0,"ACOUSTIC INSULATION and PARTITION INSULATION are both utilized for sound attenuation within partitions and walls. These types of insulation are specifically designed to reduce noise transmission, ensuring a quieter environment by minimizing sound transfer through partitions.","['48a872a231b37f12c40ad4d34629eef3', 'bd9108ca0ce8d6344be8640e66ca0b01']",ff74091eaba246698fcae59c21eec828,212,3,1,4
213,ACOUSTIC INSULATION,CEILING INSULATION,1.0,Both types of insulation are used for sound attenuation within ceiling spaces,['48a872a231b37f12c40ad4d34629eef3'],f6cbbf1b8f4b48a28a16e4dd8976b9bb,213,3,1,4
214,FINISHING ACCESSORIES,GYPSUM BOARD MATERIALS,1.0,Finishing accessories are used to complete gypsum board installations,['10da81815487a4678b4e25c0be68110c'],757ca40654d5476aa949a26b733be8d4,214,2,13,15
215,JOINT TREATMENT,GYPSUM BOARD MATERIALS,1.0,Joint treatment is applied to gypsum board installations to ensure proper bonding and finishing of joints,['10da81815487a4678b4e25c0be68110c'],539d55e7c42e44b59d98f59fae3e0ee1,215,4,13,17
216,JOINT TREATMENT,CORNER BEADS,1.0,"Corner beads are securely fastened and concealed by joint compound fill, which is part of joint treatment",['8ea292c516a75f3da1505e31eae2e055'],3785eeadea9042bfb2e50f16c0397a12,216,4,2,6
217,JOINT TREATMENT,EDGE TRIM,1.0,"Edge trim is installed at locations where gypsum board abuts dissimilar materials, which may require joint treatment",['8ea292c516a75f3da1505e31eae2e055'],48cd97f2297143e09d61ff2a8542c0c5,217,4,2,6
218,NON-CURING BUTYL SEALANT,GYPSUM BOARD MATERIALS,1.0,Non-curing butyl sealant is used in conjunction with gypsum board as recommended by the board manufacturer,['10da81815487a4678b4e25c0be68110c'],ff95eb0d5f7f49b782027d5c7ae3c3fe,218,1,13,14
219,REINFORCED PLASTIC/PAPER CORNER BEAD,GYPSUM BOARD MATERIALS,1.0,Reinforced plastic/paper corner bead is used to reinforce external corners in gypsum board installations,['10da81815487a4678b4e25c0be68110c'],086da554db5b4ad5806aedeb0024197c,219,1,13,14
220,GALVANIZED METAL TRIM,GYPSUM BOARD MATERIALS,1.0,Galvanized metal trim is applied over gypsum edges where partitions or ceilings terminate against masonry or other dissimilar materials,['10da81815487a4678b4e25c0be68110c'],216ee8a907a0466a88b27f8ada19ffa0,220,1,13,14
221,CONTROL JOINTS,GYPSUM BOARD MATERIALS,1.0,Control joints are used in gypsum board installations to allow for expansion and contraction,['10da81815487a4678b4e25c0be68110c'],6fefb317687d4ac98efe39a52f3e190f,221,4,13,17
222,CONTROL JOINTS,SEALANT,1.0,Sealant is used to provide continuous beads between edges of board panels at control joints,['304e7da8028401a71bd65b8d7a7e84aa'],320d9d91238948a8be67972ccceab878,222,4,2,6
223,CONTROL JOINTS,EXTERIOR SOFFITS,1.0,Control joints are placed at exterior soffits not more than 30 feet apart in both directions,['8ea292c516a75f3da1505e31eae2e055'],bdcbcccadd474b3bbe9a8f56c811bab4,223,4,3,7
224,SELF ADHERING VINYL TAPE,GYPSUM BOARD MATERIALS,1.0,Self-adhering vinyl tape is used for raw edges of moisture-resistant board types in gypsum board installations,['10da81815487a4678b4e25c0be68110c'],f127fc4d87f94794be89134406ba0694,224,1,13,14
225,WATER RESISTANT JOINT COMPOUND,GYPSUM BOARD MATERIALS,1.0,"Water-resistant joint compound is used for treating joints, fastener heads, and cut edges of moisture-resistant board types",['10da81815487a4678b4e25c0be68110c'],c27966a4e3be434686454204ac7b3ab4,225,1,13,14
226,CHEMICAL HARDENING TYPE EXTERIOR JOINT COMPOUND,GYPSUM BOARD MATERIALS,1.0,Chemical hardening type exterior joint compound is used for exterior applications of gypsum board,['10da81815487a4678b4e25c0be68110c'],dab39f92d0ed468c80699f28c05c45fa,226,1,13,14
227,SETTING TYPE JOINT COMPOUND,GYPSUM BOARD MATERIALS,1.0,Setting type joint compound is used for abuse-resistant and reinforced gypsum board,['10da81815487a4678b4e25c0be68110c'],3076f330d121489aa50964ce54a3b1ac,227,2,13,15
228,FASTENERS,GYPSUM BOARD MATERIALS,1.0,Fasteners are used to secure gypsum board materials,['10da81815487a4678b4e25c0be68110c'],c8e5d3afdcb54c8589e280f0c4a87417,228,2,13,15
229,FASTENERS,JOINT COMPOUND,1.0,Fasteners are coated with joint compound,['97c8b1261cb21605b7b0689d04e84639'],f3d30627e19245649e497ab49bf0fa30,229,2,9,11
230,GYPSUM BOARD MATERIALS,INSTALLATION AREAS,1.0,"Gypsum board materials must be examined for wetness, moisture damage, or mold damage before installation in the designated areas",['10da81815487a4678b4e25c0be68110c'],e3f1098c3d984bc7b5f30b9c0101f7a6,230,13,1,14
231,GYPSUM BOARD MATERIALS,SOUND INSULATION,1.0,Sound insulation is installed in conjunction with gypsum board,['10da81815487a4678b4e25c0be68110c'],24b4a5f4db67418cbfa08c5316f0ab51,231,13,2,15
232,BUGLE HEAD SCREWS,MOISTURE RESISTANT GYPSUM BOARD,1.0,Bugle head screws are used to fasten moisture-resistant gypsum board,['a1427156b5fe251f667b0eea83723734'],e4b707e3e6964197855b82fc66ef59e7,232,1,2,3
233,MOISTURE RESISTANT GYPSUM BOARD,ZINC COATED SCREWS,1.0,Moisture resistant gypsum board types need to be fastened with zinc coated screws,['bd7711b3cc5e7582ccf9fabcc20a6c52'],109b8be5a8ee4180a1465cd23f019d7b,233,2,1,3
234,INSTALLER/APPLICATOR,FIELD MEASUREMENTS,1.0,Installer/Applicator is responsible for verifying field measurements and other conditions,['a1427156b5fe251f667b0eea83723734'],49f771e31a0c4b35bc39e389f3623509,234,1,1,2
235,SHAFT WALL FRAMING,SHAFT WALL LINER,2.0,"SHAFT WALL FRAMING and SHAFT WALL LINER are integral components of a construction system designed to create a shaft wall. The shaft wall framing is installed first to accommodate the shaft wall liner. The shaft wall liner panels are then installed sequentially between special friction studs, which are part of the shaft wall framing. This process ensures that the shaft wall liner is securely held in place by the framing structure.","['a1427156b5fe251f667b0eea83723734', 'bd7711b3cc5e7582ccf9fabcc20a6c52']",aa946d4379694a74ba0da37e69d2810a,235,1,1,2
236,METAL FRAMING,SUSPENDED CEILINGS AND SOFFITS,1.0,Metal framing is used in the installation of suspended ceilings and soffits,['a1427156b5fe251f667b0eea83723734'],268446fc52a54fd2837f73aeb3e0b74f,236,3,2,5
237,SUSPENDED CEILINGS AND SOFFITS,FRAMING AND FURRING MEMBERS,1.0,Suspended ceilings and soffits require specific spacing and leveling of framing and furring members,['bd7711b3cc5e7582ccf9fabcc20a6c52'],f6ddfa8491ff40d2839bb5b2e105df22,237,2,1,3
238,STUDS,DOUBLE STUDS,1.0,"Double studs are provided on each side of openings and wall intersections, secured to each other with screws",['a1427156b5fe251f667b0eea83723734'],db1295504da645b69d9786d54f233fed,238,5,2,7
239,STUDS,TRACKS,1.0,Studs need to be secured in place with tracks at specific intervals,['bd7711b3cc5e7582ccf9fabcc20a6c52'],6ff4ed0dda4f4158af37be99f505565f,239,5,1,6
240,STUDS,TOP RUNNER,1.0,Top runner is attached to the structure and connects the studs to the track,['48a872a231b37f12c40ad4d34629eef3'],5d398b88ee4242a59c32feb188683ec3,240,5,2,7
241,STUDS,TRACK,1.0,Studs are connected to the track to ensure proper alignment and movement,['48a872a231b37f12c40ad4d34629eef3'],0a784e00c9464bd3aeb830b908f73170,241,5,1,6
242,STUDS,OPENINGS,1.0,Studs are reinforced at openings to support the weight of doors or operable panels,['48a872a231b37f12c40ad4d34629eef3'],b0966a0f455e44229e6c9705d57bfca9,242,5,2,7
243,DOUBLE STUDS,OPENINGS,1.0,Openings need to be reinforced with double studs at jambs,['bd7711b3cc5e7582ccf9fabcc20a6c52'],99761e9b89cc4060be3ed6b34532e7ff,243,2,2,4
244,JACK STUDS,DOUBLE-HEADERS,1.0,Jack studs and double-headers are installed together for reinforcement above and below openings,['bd7711b3cc5e7582ccf9fabcc20a6c52'],8130a1a82bde46048952cf147690e630,244,1,1,2
245,BLOCKING,STEEL PLATE REINFORCEMENT,1.0,Blocking and steel plate reinforcement are installed where required for additional support,['bd7711b3cc5e7582ccf9fabcc20a6c52'],79c99026b7ef4946b9b8e0be841fd4c5,245,1,1,2
246,HORIZONTAL BRACING,EXTERIOR WALLS,1.0,Horizontal bracing is installed for exterior walls,['bd7711b3cc5e7582ccf9fabcc20a6c52'],fdcb1673254842f1935f53d0c38c467e,246,1,1,2
247,CHASE WALLS,BRACING,1.0,Chase walls require bracing at specific intervals,['bd7711b3cc5e7582ccf9fabcc20a6c52'],dcb3f4cc8abc46faabc193d9885e91d0,247,1,1,2
248,PARTITIONS TERMINATING AT STRUCTURE,TOP RUNNER,1.0,Partitions terminating at structure need to be attached to the top runner with specific clearances and connections,['bd7711b3cc5e7582ccf9fabcc20a6c52'],3295be59128d451bb720c6688adc1e0b,248,1,2,3
249,STANDARD WALL FURRING,CONCRETE AND MASONRY WALLS,1.0,Standard wall furring is installed at concrete and masonry walls scheduled to receive gypsum board,['48a872a231b37f12c40ad4d34629eef3'],aca3eb8924ac494486fe0bfe892f7f2e,249,2,1,3
250,SUSPENDED GYPSUM CEILING SYSTEM,INSTALLATION CONDITIONS,1.0,Suspended gypsum ceiling system requires examination of areas for conditions that could affect installation,['bd7711b3cc5e7582ccf9fabcc20a6c52'],66689accdd974295b7eb779e43578748,250,5,1,6
251,SUSPENDED GYPSUM CEILING SYSTEM,HANGER WIRES,1.0,Hanger wires are used to suspend the main tees and other components of the suspended gypsum ceiling system,['48a872a231b37f12c40ad4d34629eef3'],6b49c78aa1524609ab7aa74aeaa3e01d,251,5,2,7
252,HANGER WIRES,DIAGONAL HANGER WIRE SPLAY BRACING,1.0,Hanger wires and diagonal hanger wire splay bracing are both used to ensure structural stability and compliance with seismic requirements,['bd9108ca0ce8d6344be8640e66ca0b01'],7ff31ce54f424f0bbb297b0b3ba7c757,252,2,1,3
253,SEALANT,EXTERIOR SOFFITS,1.0,Sealant is used to seal cut edges of each piece of exterior soffit board before installation,['304e7da8028401a71bd65b8d7a7e84aa'],bac51e00d486420c8e91e824d8e17411,253,2,3,5
254,EXTERIOR SOFFITS,MOISTURE PROTECTION,1.0,Moisture protection involves treating cut edges and holes in exterior gypsum soffit board with sealant,['8ea292c516a75f3da1505e31eae2e055'],4adee3aad6524a4aa4c4711c1ee05e64,254,3,1,4
255,GLASS MAT FACED GYPSUM BOARD,JOINT COMPOUND,1.0,Glass mat faced gypsum board requires joint compound for embedding and finishing,['36a5e86197af36c28248032e4cbd4de2'],d034e4fd8ac849278e658daad1a1f033,255,1,9,10
256,EXTERIOR GLASS MAT FACED SHEATHING,JOINT COMPOUND,1.0,Exterior glass mat faced sheathing requires joint compound for embedding and finishing,['36a5e86197af36c28248032e4cbd4de2'],091e998370dd42d1b05ab0fcf6595a7e,256,1,9,10
257,PAPER FACED GYPSUM BOARD,JOINT COMPOUND,1.0,Paper faced gypsum board requires joint compound for embedding and finishing,['36a5e86197af36c28248032e4cbd4de2'],1e6cabc18fab4c048281fd29d3044438,257,1,9,10
258,JOINT COMPOUND,LEVEL 4 FINISH,2.0,"A Level 4 finish requires joints and interior angles to be taped with two separate coats of joint compound, and accessories and fasteners to be coated with three separate coats of joint compound. This process involves applying multiple coats of joint compound to achieve a smooth, flush surface.","['36a5e86197af36c28248032e4cbd4de2', '97c8b1261cb21605b7b0689d04e84639']",dc08f6d7398b4b798a3bdccf508a2ad4,258,9,1,10
259,JOINT COMPOUND,LEVEL 2 FINISH,2.0,"A Level 2 finish requires the use of joint compound to achieve the desired results. Specifically, this finish necessitates that joints and interior angles have tape embedded in the joint compound. Additionally, accessories and fasteners must be covered by one separate coat of joint compound. This ensures that all elements are properly concealed and prepared for further finishing processes.","['36a5e86197af36c28248032e4cbd4de2', '97c8b1261cb21605b7b0689d04e84639']",1c7fd5af8d8041e186eae2431fc627cd,259,9,1,10
260,JOINT COMPOUND,LEVEL 1 FINISH,2.0,"A Level 1 finish involves the use of joint compound to set tape and cover surfaces. Specifically, it requires that joints and interior angles have tape set in joint compound. This process ensures that the tape is properly embedded and the surfaces are adequately covered, forming the foundational layer for further finishing stages.","['36a5e86197af36c28248032e4cbd4de2', '97c8b1261cb21605b7b0689d04e84639']",b16eda56dcec40f2b3e109fb9246bee3,260,9,1,10
261,JOINT COMPOUND,TAPE,1.0,Joint compound is used to embed tape in joints and interior angles,['97c8b1261cb21605b7b0689d04e84639'],43c68f9a86654a32a2215e23957ed184,261,9,1,10
262,JOINT COMPOUND,ACCESSORIES,1.0,Accessories are coated with joint compound,['97c8b1261cb21605b7b0689d04e84639'],1ba06fe2e86140a59bbc4f4e969d0f71,262,9,1,10
263,FIELD QUALITY CONTROL,PROTECTION,2.0,Field quality control includes protecting installed work from subsequent construction operationsProtection is part of the field quality control process,['97c8b1261cb21605b7b0689d04e84639'],36caa0a230c8422c8acb4dc62e35bb32,263,2,3,5
264,FIELD QUALITY CONTROL,CLEANING,1.0,Cleaning is part of the field quality control process,['97c8b1261cb21605b7b0689d04e84639'],09940fed9d154504948bba2df1789a50,264,2,2,4
265,CLEANING,SECTION 01 74 19,1.0,Cleaning must comply with the requirements of Section 01 74 19 - Construction Waste Management and Disposal,['65244b61a9b7aea1771e3dfc017a5090'],4d6608557eed49368a6d09c7c5c664c5,265,2,1,3
266,PROTECTION,FINAL COMPLETION,1.0,Installed work must be protected from subsequent construction operations until the date of Final Completion,['65244b61a9b7aea1771e3dfc017a5090'],eb7c93eeb9dc41aab57d29e97ebb4951,266,3,1,4
267,PROTECTION,OWNER OCCUPANCY,1.0,Installed work must be protected from subsequent construction operations until the date of Owner occupancy,['65244b61a9b7aea1771e3dfc017a5090'],3b6e2ac584b64847b53828c9d779fed3,267,3,1,4
268,DAMAGED MATERIALS AND COMPONENTS,ARCHITECT,1.0,The Architect determines if the repair of damaged materials and components is acceptable,['65244b61a9b7aea1771e3dfc017a5090'],e9b68002e035447baae848208cea5503,268,1,1,2
