,id,relationship_ids
0,f0cc80dc4f85bb437cf8cfca2c91f0ff,"['f09f381c319f4251847d1a4bb8cdcac1', 'eec11f567e7f4943b157c3a657eb9a46', 'efef117839b64ce9adf614a461d41ba6', '2171091ada0942d8ae7944df11659f6e', 'bcfdc48e5f044e1d84c5d217c1992d4b', 'b232fb0f2ac14790b931d1e7fcddd8ad', '1c16b22e18d3483b8d41b284754274e2', '0080f96708cd4054a5f0986ca86889f4', 'e683130322ac47708a852a5e51abb7c5', '71a0a8c1beb64da08124205e9a803d98', 'f84314943bee4c859c9a62f268c9c216', 'ba481175ee1d4329bf07757a30abd3a1', '8d8da35190bf43c5878fa38f3eb4f3d2', '2fb7e14a3f124526bd7b24867fc18e81', '5c13c7d61e6c4bfe839f21e7ad3530a7']"
1,e29a53d7440d299cd3f2e2e60653a57b,"['a621663edba64d99b7e50f1e53f32ee7', '42be4e140061482ea509dd3e26189480', '4da4ef951ff340f1a3dd679de4be3341', '2f05fcce857e4a499ca4e89a3cefbcb3', 'b3aeb7ae009a4f52ae3ae4586e32fe11', '089b9b9841714b8da043777e2cda3767', '38f1e44579d0437dac1203c34678d3c3', '469aeef98cd1421fa123277b93d7b83a', '2fb66f9a0de6406d83b61742a3b52cd6', 'b0e6cfd979ea48b997019b059999d3c2', 'ef00ec3a324f4f5986141401002af3f6', 'a542fd7aed7341468028928937ea2983', '1c5e296a5ac541c1b5cac4357537c22d', '5ecf534a9ffe46e0b1c2144110c691c0']"
2,10aa665cd16c9fc726970ed4037079b7,"['1ca24718a96b47f3a8855550506c4b41', '9c980dfe3cab44b7a83408405edab0b6', 'f23484b1b45d44c3b7847e1906dddd37', '4920fda031804ce8a1073ace8e061ed6', '4b8aa4587c7344adac2cbfa69d5e40fa', '4e9ca18ccc1d4527a3bc035d07f5e162', '9d7a563b3b2d405092c31f1fe08cff77', 'bd43f3d439a54781bd4b721a9a269b92']"
3,f67963b3ad0f43578479c9a6b013d745,"['929f30875e1744b49e7b416eaf5a790c', '0dddcca0e5df4b16bc03a51a2d2d8e16', 'df40ad480a3c47299a6c8fad05349304', 'fe98fb197d294b0b837aee8d5a98dfb1', 'feb9ddd0ac2949178f26a36949aa5422', 'b4e4fa2e3dfc46e68d532d659b18d17d', 'f58813d090b947a48c1b4614b92c3ec3', '30a251bc3d04430d82b5a1a98c7b8c75', '93e1d19f9bfa4c6b8962d56d10ea9483', '8046335ba70b434aa3188392a746fd78', '5c02b1ab32064c64a0f8b27b219e358a']"
4,39bfaf6f9c5b3484e8c782d171697ab3,"['52701d941dfb45359693baae8f267056', 'ac41b77ba33c4c84877eb425aba03aa1', '5d3184dabfd647a5a7e565f72c60ff24', '80a04aa18cd649d584292f23b10c0727', '5564257e89f1428486a64fcf52f49490', '225105a7be14447cb03186bd40756059', '66c3dffb7d7a4fa8bb6b48a22ca917a6', '6f3dd1fd6d7f4df4af0656ed0525c92e', '711eb39432794b0a91110358dd536517', 'aea3378bfff842e5b3f4b7a4b55b3879', 'd562223c17d948bf98e34b4d97dde932', 'cde2d75c51d245879265b79d14b8699b', '44594467054849d4a1fadb46ddd51641']"
5,c94ae37bf10b79a823bd06a8c2651ec1,"['31499ee6277a4d71b19cb5b6be554c69', 'd99eabad5dfd47278692569d2a9395b1', '4d183e7007624fcd98af96b9d752c16d', 'aea3378bfff842e5b3f4b7a4b55b3879', 'd562223c17d948bf98e34b4d97dde932', 'cde2d75c51d245879265b79d14b8699b', '2918130221f94f4387da049b647bfe6a', 'fd139ac75b0e4777ab67b7423eaaa37f', 'a701c349eb7142d48ba7efad89caf9d2', 'e5d40a1b17f74b1db5d18279caedb04a', 'de25d06733d04385825ee082792f5e52', '32f6f11a7845416b8c6eb9fb0b382140', '91407be8c3e54e23918d3a7183d962db', '3831134696584d83bbf676a6b3bfa8f9', '50e512a5dbe941f5af68bfdf74b1c3c0', 'edc717747e904728b57185f5013461f9', '8fba1fea719d49d380ac2d9c310d68b3', '3cf0ab4cf14e47ddabd49d500a3dc488']"
6,bd7711b3cc5e7582ccf9fabcc20a6c52,"['d53f15cb7f7845de91cc44ad44ff9f6e', 'd0ffa3bcd1234258953ff4956d19f561', '989add81cf874018a569239b68d17ff2', '109b8be5a8ee4180a1465cd23f019d7b', 'aa946d4379694a74ba0da37e69d2810a', 'f6ddfa8491ff40d2839bb5b2e105df22', '6ff4ed0dda4f4158af37be99f505565f', '99761e9b89cc4060be3ed6b34532e7ff', '8130a1a82bde46048952cf147690e630', '79c99026b7ef4946b9b8e0be841fd4c5', 'fdcb1673254842f1935f53d0c38c467e', 'dcb3f4cc8abc46faabc193d9885e91d0', '3295be59128d451bb720c6688adc1e0b', '66689accdd974295b7eb779e43578748']"
7,b8d4317e60e6ced9ccb89b8d2233900d,"['23becf8c6fca4f47a53ec4883d4bf63f', '718c507cb8ac49e6a35c251ac951b5ca', 'ecdc1020b10e49ca869d399825e16fa3', '9c4bd60958fd4e09a6d5b9e2ab163b5a', '39d31f770cf740e78d526a2e1101a1db', '2b916117691c4872a9c4e4888d4fe4ab', '1f7b02bf486e4f42b23e9cb1a63207f3', 'e744c118ae7f4638a01d060bbaedd6e9', 'e1c1080c717d437996def1a41772d179', '63fba9a7c47a4f14ac0bee6bc90d0fea', '6bfc2395b4f54a528a1ebac94a43acb8', '1cce5cebf437428eb1a60dffbdfa603f', 'e7b103a52e384e3e8bf14105223e7e82']"
8,e44f70319f728e5471c6c5a08a2c1719,"['23becf8c6fca4f47a53ec4883d4bf63f', 'b45ef27279c043269b23b894461d7d8c', '5a781604f1fb4719b730f43f534627f6', 'ecdc1020b10e49ca869d399825e16fa3', '0d8fde01d7234726a00d7e73e2e01d66', '9c4bd60958fd4e09a6d5b9e2ab163b5a', '9d282b2250f7408888504f1f93c202a8', 'c063484895794a0eaae1b0ff070ad4c9', 'dc94039d6643460ca3c66150b9087129', 'f197d75f159943f8a3ff441199790bc7', '3f1042452c254cecaf7189e89162adc8', '0a799eab61bc4e6b884db6689f9c2c4a', 'c6f428af0c5e4f629902fd5455bf19ac', 'd1fd271d16c348019c2fcced762b35a2']"
9,304e7da8028401a71bd65b8d7a7e84aa,"['0ec262c2cfef4dd581f3655e5e496e31', 'd6d2b5862ddc4c4d87deee3423506817', 'cfb915c95caf41c6a25e99a9f37f03a2', '8815ed80f9b741dbb458d902024f34a4', 'dddb831546354e088d29aebd154e3a31', '320d9d91238948a8be67972ccceab878', 'bac51e00d486420c8e91e824d8e17411']"
10,8ea292c516a75f3da1505e31eae2e055,"['100c2fccd7f74d9281707082f062ba72', '378fc7636eeb4aabbfd40995a6960c64', '47d588d26e2b4cccb68fe2af4c147c8f', '3785eeadea9042bfb2e50f16c0397a12', '48cd97f2297143e09d61ff2a8542c0c5', 'bdcbcccadd474b3bbe9a8f56c811bab4', '4adee3aad6524a4aa4c4711c1ee05e64']"
11,2770d7d7e82fe863553bd28ecb036b8e,"['83c76fbd2a004d90a5b0a6736ffed61d', 'd9779c41e3c74fe0b26e23822a4b995b', 'efce8a9d61254447a26aee99e53f0398', '4a75a9f0b18a48bea9c0601c0fc395c4', 'e19287afe00a431f9a593a4827d1b448', 'f2c06f3a0c704296bf3353b91ee8af47', '2325dafe50d1435cbee8ebcaa69688df']"
12,e36c039c1bf21e18a28291a623adc97b,"['adc0f95733e74351a891c4dadf650a52', 'f512103ed4624accac6cbbf90d7d250a', 'c5f77ba0c261408780db3d50346f16b7', '453ecf5476f64f4a8d5020b95baf1314', '6a1d83c9ce2b483dbd7de5ab3ae2487d', 'e8868920e21b4431aad16e86db977ecb']"
13,a9aa38a36f838acf895e5ebc4888e6ed,"['10983a248cc448c59c94df4d1d0898f0', 'e2ec7d3cdbeb4dd086ae6eb399332363', '67f10971666240ea930f3b875aabdc1a', '8b95083939ad4771b57a97c2d5805f36', 'b1658adfa43847eabad1437db235e858', 'a1773cac7d4c4939aec965660e5015fe', 'fd31d549420744d1bd1a6b1112a9a6ba', 'ff5466607e5d4453b1d833629292f664', '71f95003936e46a98d90757ffd845d40', 'bada987ea7da4c939393ee1c3d08ccd4', 'ffa128c9c0c84d39bad1bba8cfa4adc5']"
14,ccfcd51dbef14d7454d59d6f5fb3d8ac,"['3c4062de44d64870a3cc5913d5769244', 'c0f2dc03d8df400db4997c1a0babd6ad', '0211d61aae834229a3a1e004ff5cc658', 'ccbbbcc055c34709abcf103208c2c299', '6a054cb59fb44cf494b93988b5f88833', 'f7ab348030714072a277682b51f7c588', 'bada987ea7da4c939393ee1c3d08ccd4', 'd0a274e7934d446fb91847bb53a961a6', '058f66cc356b43cc9433bd3c8d57fa46']"
15,59ef923d484354891db68559af8a45c0,"['24652fab20d84381b112b8491de2887e', '423b72bbd56f4caa98f3328202c1c3c9', '5c7ef01f46a94641bf1ae5cd25f8a538', 'ad52ba79a84748a49067e53b1d5095f9', '289616058bf4495887292003b27ba216', 'ce36d1d637cf4a4e93f5e37ffbc6bd76', 'eeb9c02c0efa4131b9e95d33c31019fc', '7b2472c5dd9949c58828413387b94659', 'bdddcb17ba6c408599dd395ce64f960a', 'bc70fee2061541148833d19e86f225b3', '0fc15cc3b44c4142a770feb4c037a6f7', 'ab3a5a6713244fd595a1ace978c3d960', '02a88c0d128e4586b2f1f64329786d3c', '1ca41537c47c4752a17a44d1d7086d96', '8323efc8e539419e9ca3c98e758f6609', 'a80c7c98c0b647f8b9f6f8cc09168e44', '2d66a15939294d21b83b3e277f0a4e46', '2fbd74d5ccca4be99c5257b3ac95cfba', 'a2b1621a3e424ae29a6a73f00edbeca3', 'ec45e1c400654c4f875046926486ded7', '92646910ee624bd7909fac2b5c0232e3', '05913bee89a94bca88449249e35ba74d']"
16,b623bddc2069860463f5f915e20548ba,"['24652fab20d84381b112b8491de2887e', 'a24e9df02e1b4b43bf6324b039e28285', '7e0d14ca308b4796bdc675a64bd3a36e', '47f6d6573cf34e1096c95e36251dd60c', '047cd93e9d704c7d8dadb6e79f9458df', '5b71ee73a5b6484495b2a0a75219426c', 'e1f524d4b9754ce2b64a0a4c8f73b854', 'ae1fe1c014c54ec4bcdf10dbdaed5068', '92646910ee624bd7909fac2b5c0232e3', '05913bee89a94bca88449249e35ba74d', '57b8930790c34dcba4a32c6be703ed78', '838c4498bc3c437f8d65428b580766a2', '1b893f24eb98477aad6ce49c0f26737e', '6573bc2af4f94596a3f4452a602d6fc4']"
17,5ce73a0d305ddf70f7d90cf7aa04b7c6,"['d4602d4a27b34358baa86814a3836d68', '36be44627ece444284f9e759b8cd25c6', 'a64b4b17b07a44e4b1ac33580d811936', 'aefde1f7617f4c0e9aed31db77f6d862', '7ffa3a064bce468082739c5a164df5a3']"
18,a1427156b5fe251f667b0eea83723734,"['0e00585b08044954a254116665400463', 'db0147eff2204a20b5e5e6bec7a8bae5', 'e4b707e3e6964197855b82fc66ef59e7', '49f771e31a0c4b35bc39e389f3623509', 'aa946d4379694a74ba0da37e69d2810a', '268446fc52a54fd2837f73aeb3e0b74f', 'db1295504da645b69d9786d54f233fed']"
19,65063909e4d43765cddb38bb5ae9076a,"['67bb4f4678284819add02ba04f3b1103', '2033ec0487f04240abb3bdbe77b39087', 'f026fab8fec948ae9e7baa2ad715e6ef', 'd0d7ed36d6f54b5d986dfd854096b728', 'bf6a4c18f44042799eb7456a6b85b54a', 'fac4a59c2278498d83f9f1b4231ad62e', '532da08f04f645708e747c57e9c4ee05', 'a39b72f8921f43ef8ef295c7cc8f7294', '9f5adbeb6cf04f089abe78d86cfa6aba', 'efb6350e65964659bc20396c0166b296']"
20,bd9108ca0ce8d6344be8640e66ca0b01,"['c0f2dc03d8df400db4997c1a0babd6ad', 'fd7d94fbab084bc380480abeef6bfade', 'cbe1a41a82aa4f268e8264568b25938f', 'ff74091eaba246698fcae59c21eec828', '7ff31ce54f424f0bbb297b0b3ba7c757']"
21,36a5e86197af36c28248032e4cbd4de2,"['005d2154da754b21adcd90ac921bd5f7', '711ba818354546cea69f1532b92a2f26', '5c4d8a8f9c104176b87d2bfdf04ae0bd', 'd034e4fd8ac849278e658daad1a1f033', '091e998370dd42d1b05ab0fcf6595a7e', '1e6cabc18fab4c048281fd29d3044438', 'dc08f6d7398b4b798a3bdccf508a2ad4', '1c7fd5af8d8041e186eae2431fc627cd', 'b16eda56dcec40f2b3e109fb9246bee3']"
22,ebfbd911ef63e2dcb5619d64a9cef995,"['e095cc36da784300b27c6f8c60a96440', 'c68893ca39d74ba08c6eb138f24441e1', '472b23bb92834173b4118d101040c726', '81869985b45a4fefbbbb23ea118a3de4', '824d93d9840a4b7c8b1f31bc6816b497', 'f209a808f1f04a5699601e672f4abd06', '3f3a2d7aa1294116814f0b4d89baa23d', '3073b33926bd4f33807ffa3befacefaf']"
23,48a872a231b37f12c40ad4d34629eef3,"['42b8584c5a874eb08fbd61f0c18f3ca0', 'ccb335166f6c4564ac1c61549d8ded50', '28e7639f55ce464c8a080cbb2c745fa2', 'ff74091eaba246698fcae59c21eec828', 'f6cbbf1b8f4b48a28a16e4dd8976b9bb', '5d398b88ee4242a59c32feb188683ec3', '0a784e00c9464bd3aeb830b908f73170', 'b0966a0f455e44229e6c9705d57bfca9', 'aca3eb8924ac494486fe0bfe892f7f2e', '6b49c78aa1524609ab7aa74aeaa3e01d']"
24,4162ae30bba9ac50d6c61c5f10fe419b,"['f197d75f159943f8a3ff441199790bc7', '4d8890c699684c9381105b03b0b41b03', 'b1658adfa43847eabad1437db235e858', '2139b0906dc541e094138a978d070416', 'ff5466607e5d4453b1d833629292f664', '0a799eab61bc4e6b884db6689f9c2c4a', '8c34cd494a63438dac219c1dc0f73100', 'd1fd271d16c348019c2fcced762b35a2']"
25,10da81815487a4678b4e25c0be68110c,"['757ca40654d5476aa949a26b733be8d4', '539d55e7c42e44b59d98f59fae3e0ee1', 'ff95eb0d5f7f49b782027d5c7ae3c3fe', '086da554db5b4ad5806aedeb0024197c', '216ee8a907a0466a88b27f8ada19ffa0', '6fefb317687d4ac98efe39a52f3e190f', 'f127fc4d87f94794be89134406ba0694', 'c27966a4e3be434686454204ac7b3ab4', 'dab39f92d0ed468c80699f28c05c45fa', '3076f330d121489aa50964ce54a3b1ac', 'c8e5d3afdcb54c8589e280f0c4a87417', 'e3f1098c3d984bc7b5f30b9c0101f7a6', '24b4a5f4db67418cbfa08c5316f0ab51']"
26,97c8b1261cb21605b7b0689d04e84639,"['f3d30627e19245649e497ab49bf0fa30', 'dc08f6d7398b4b798a3bdccf508a2ad4', '1c7fd5af8d8041e186eae2431fc627cd', 'b16eda56dcec40f2b3e109fb9246bee3', '43c68f9a86654a32a2215e23957ed184', '1ba06fe2e86140a59bbc4f4e969d0f71', '36caa0a230c8422c8acb4dc62e35bb32', '09940fed9d154504948bba2df1789a50']"
27,65244b61a9b7aea1771e3dfc017a5090,"['4d6608557eed49368a6d09c7c5c664c5', 'eb7c93eeb9dc41aab57d29e97ebb4951', '3b6e2ac584b64847b53828c9d779fed3', 'e9b68002e035447baae848208cea5503']"
