{
    "total_runtime": 138.3114070892334,
    "num_documents": 2,
    "input_load_time": 0,
    "workflows": {
        "create_base_text_units": {
            "overall": 0.31199145317077637,
            "0_orderby": 0.004567861557006836,
            "1_zip": 0.0040340423583984375,
            "2_aggregate_override": 0.005713701248168945,
            "3_chunk": 0.23510408401489258,
            "4_select": 0.005506992340087891,
            "5_unroll": 0.005089998245239258,
            "6_rename": 0.004874467849731445,
            "7_genid": 0.007105350494384766,
            "8_unzip": 0.005015850067138672,
            "9_copy": 0.0066814422607421875,
            "10_filter": 0.023491382598876953
        },
        "create_base_extracted_entities": {
            "overall": 0.8669614791870117,
            "0_entity_extract": 0.8036696910858154,
            "1_merge_graphs": 0.06154584884643555
        },
        "create_summarized_entities": {
            "overall": 17.703937530517578,
            "0_summarize_descriptions": 17.688313245773315
        },
        "create_base_entity_graph": {
            "overall": 0.23349308967590332,
            "0_cluster_graph": 0.21213197708129883,
            "1_select": 0.014399051666259766
        },
        "create_final_entities": {
            "overall": 1.757768154144287,
            "0_unpack_graph": 0.06571793556213379,
            "1_rename": 0.010090112686157227,
            "2_select": 0.008828401565551758,
            "3_dedupe": 0.010016679763793945,
            "4_rename": 0.0151214599609375,
            "5_filter": 0.03606247901916504,
            "6_text_split": 0.01789689064025879,
            "7_drop": 0.016800403594970703,
            "8_merge": 0.08417391777038574,
            "9_text_embed": 1.4242699146270752,
            "10_drop": 0.018825054168701172,
            "11_filter": 0.03545522689819336
        },
        "create_final_nodes": {
            "overall": 0.6693522930145264,
            "0_layout_graph": 0.20539450645446777,
            "1_unpack_graph": 0.15414190292358398,
            "2_unpack_graph": 0.08477783203125,
            "3_filter": 0.047789573669433594,
            "4_drop": 0.018964290618896484,
            "5_select": 0.01602315902709961,
            "6_rename": 0.018697261810302734,
            "7_convert": 0.06294703483581543,
            "8_join": 0.03632807731628418,
            "9_rename": 0.024288654327392578
        },
        "create_final_communities": {
            "overall": 0.6102924346923828,
            "0_unpack_graph": 0.08773136138916016,
            "1_unpack_graph": 0.05756235122680664,
            "2_aggregate_override": 0.017678260803222656,
            "3_join": 0.028647899627685547,
            "4_join": 0.030455589294433594,
            "5_concat": 0.018657922744750977,
            "6_filter": 0.15291547775268555,
            "7_aggregate_override": 0.020087718963623047,
            "8_join": 0.026326417922973633,
            "9_filter": 0.04804396629333496,
            "10_fill": 0.024025440216064453,
            "11_merge": 0.026155710220336914,
            "12_copy": 0.020958423614501953,
            "13_select": 0.02530956268310547
        },
        "join_text_units_to_entity_ids": {
            "overall": 0.12900614738464355,
            "0_select": 0.019089221954345703,
            "1_unroll": 0.0250396728515625,
            "2_aggregate_override": 0.07025980949401855
        },
        "create_final_relationships": {
            "overall": 0.37953662872314453,
            "0_unpack_graph": 0.07075071334838867,
            "1_filter": 0.05484652519226074,
            "2_rename": 0.023350000381469727,
            "3_filter": 0.07097911834716797,
            "4_drop": 0.028533220291137695,
            "5_compute_edge_combined_degree": 0.03461790084838867,
            "6_convert": 0.05311274528503418,
            "7_convert": 0.024364471435546875
        },
        "join_text_units_to_relationship_ids": {
            "overall": 0.1221308708190918,
            "0_select": 0.02985382080078125,
            "1_unroll": 0.024183034896850586,
            "2_aggregate_override": 0.03201651573181152,
            "3_select": 0.022231101989746094
        },
        "create_final_community_reports": {
            "overall": 111.06082391738892,
            "0_prepare_community_reports_nodes": 0.07230067253112793,
            "1_prepare_community_reports_edges": 0.04121279716491699,
            "2_restore_community_hierarchy": 0.033002614974975586,
            "3_prepare_community_reports": 0.2355659008026123,
            "4_create_community_reports": 110.63385891914368,
            "5_window": 0.03175997734069824
        },
        "create_final_text_units": {
            "overall": 0.20406389236450195,
            "0_select": 0.02778935432434082,
            "1_rename": 0.027268648147583008,
            "2_join": 0.038045406341552734,
            "3_join": 0.03296613693237305,
            "4_aggregate_override": 0.031499385833740234,
            "5_select": 0.030463695526123047
        },
        "create_base_documents": {
            "overall": 0.44107723236083984,
            "0_unroll": 0.03302812576293945,
            "1_select": 0.02884650230407715,
            "2_rename": 0.04115867614746094,
            "3_join": 0.03494906425476074,
            "4_aggregate_override": 0.03390789031982422,
            "5_join": 0.039426326751708984,
            "6_rename": 0.04649186134338379,
            "7_convert": 0.15456390380859375
        },
        "create_final_documents": {
            "overall": 0.056067705154418945,
            "0_rename": 0.033812761306762695
        }
    }
}